x,y,z,class
-0.072,-1.128,-0.088,Cycling
-0.176,-0.988,-0.08,Cycling
-0.076,-1.04,-0.156,Cycling
-0.036,-0.972,-0.24,Cycling
-0.092,-1.108,-0.156,Cycling
-0.104,-1.016,-0.048,Cycling
-0.012,-1.012,-0.088,Cycling
0,-0.872,-0.248,Cycling
-0.116,-1.024,-0.276,Cycling
-0.056,-1.064,-0.108,Cycling
-0.088,-0.996,0.024,Cycling
0.052,-0.884,0.024,Cycling
-0.116,-0.916,-0.056,Cycling
-0.104,-0.956,-0.072,Cycling
-0.132,-1.008,-0.04,Cycling
-0.132,-0.856,-0.08,Cycling
-0.132,-0.956,-0.28,Cycling
-0.024,-1.056,-0.264,Cycling
-0.016,-1.224,0.004,Cycling
-0.108,-1.264,-0.024,Cycling
-0.16,-1.216,-0.132,Cycling
0.156,-1.224,-0.236,Cycling
0.044,-0.984,-0.144,Cycling
-0.236,-1.08,-0.02,Cycling
-0.064,-1.224,0.012,Cycling
0.072,-1.248,-0.236,Cycling
-0.004,-0.976,-0.252,Cycling
-0.104,-1.16,-0.036,Cycling
-0.144,-1.092,-0.012,Cycling
-0.136,-0.876,-0.1,Cycling
-0.092,-1.076,-0.196,Cycling
-0.072,-1.284,-0.1,Cycling
-0.092,-0.976,-0.18,Cycling
-0.044,-0.976,-0.168,Cycling
-0.012,-1.124,-0.1,Cycling
0.088,-1.172,-0.088,Cycling
0.08,-1.268,0.128,Cycling
-0.176,-0.876,-0.136,Cycling
-0.108,-1.188,-0.152,Cycling
0.028,-0.748,-0.104,Cycling
-0.212,-1.204,0.02,Cycling
-0.156,-1.064,-0.096,Cycling
0.144,-1.38,-0.172,Cycling
-0.084,-0.912,-0.016,Cycling
-0.076,-0.948,-0.148,Cycling
-0.252,-1.016,-0.16,Cycling
-0.088,-1.004,0.072,Cycling
-0.084,-1.152,0.128,Cycling
0.032,-1.724,-0.208,Cycling
0.028,-0.908,-0.132,Cycling
-0.228,-1.008,-0.012,Cycling
-0.148,-0.992,-0.096,Cycling
-0.008,-1.02,-0.164,Cycling
-0.432,-1.664,-0.024,Cycling
-0.152,-0.924,0,Cycling
0.008,-1.116,-0.028,Cycling
0.076,-0.932,-0.184,Cycling
-0.056,-1.5,0.036,Cycling
-0.164,-0.98,-0.028,Cycling
0.028,-0.904,-0.148,Cycling
0.064,-1.224,-0.092,Cycling
-0.092,-1.048,-0.224,Cycling
-0.2,-1.164,-0.084,Cycling
0.02,-1.076,0.04,Cycling
0.06,-1.024,-0.204,Cycling
0.024,-1.008,-0.112,Cycling
-0.04,-1.068,-0.016,Cycling
0,-0.812,-0.08,Cycling
-0.132,-1.04,-0.136,Cycling
-0.056,-0.888,0.004,Cycling
-0.044,-0.948,-0.056,Cycling
-0.16,-1.392,0.132,Cycling
-0.052,-0.972,-0.096,Cycling
-0.192,-0.94,-0.04,Cycling
-0.044,-1.144,0.056,Cycling
-0.12,-1.104,0.052,Cycling
-0.008,-1.16,-0.008,Cycling
0.004,-1.048,-0.092,Cycling
-0.124,-1.332,0.036,Cycling
-0.116,-1.08,0.02,Cycling
-0.228,-1.096,-0.08,Cycling
0.02,-1.188,-0.084,Cycling
-0.316,-0.936,0.104,Cycling
-0.044,-1.112,-0.008,Cycling
-0.056,-1.016,0.008,Cycling
-0.1,-1.196,0.084,Cycling
-0.16,-0.848,0.04,Cycling
-0.088,-1.112,0.1,Cycling
-0.132,-1.536,0.132,Cycling
-0.196,-0.804,-0.28,Cycling
0.048,-1.136,-0.14,Cycling
-0.2,-0.948,-0.036,Cycling
0.008,-0.976,-0.044,Cycling
-0.088,-1.168,-0.136,Cycling
0.008,-1.092,-0.048,Cycling
0.012,-1.136,-0.048,Cycling
-0.036,-1.26,0.104,Cycling
-0.004,-0.996,-0.096,Cycling
-0.2,-0.872,-0.128,Cycling
-0.048,-0.82,-0.048,Cycling
-0.116,-0.64,-0.04,Cycling
-0.124,-1.496,-0.052,Cycling
0.228,-0.936,-0.224,Cycling
0.032,-1.24,0.008,Cycling
-0.08,-1.036,-0.04,Cycling
-0.056,-0.904,-0.124,Cycling
0.068,-1.152,-0.08,Cycling
-0.16,-0.996,-0.092,Cycling
-0.06,-0.98,-0.12,Cycling
-0.1,-1.244,-0.116,Cycling
-0.28,-1.16,-0.068,Cycling
-0.032,-0.832,-0.012,Cycling
-0.024,-0.832,-0.028,Cycling
0.08,-0.936,-0.052,Cycling
-0.14,-1.46,0.036,Cycling
-0.072,-1.08,-0.112,Cycling
0.04,-1.336,-0.056,Cycling
-0.06,-1.108,-0.056,Cycling
0.016,-1.092,0.052,Cycling
-0.04,-1.156,0.036,Cycling
-0.188,-1.124,0.012,Cycling
-0.164,-1.152,0,Cycling
-0.004,-0.996,-0.036,Cycling
-0.004,-1.036,-0.1,Cycling
0.008,-0.72,-0.264,Cycling
-0.128,-0.792,-0.116,Cycling
-0.068,-1.012,-0.044,Cycling
-0.076,-0.928,-0.204,Cycling
-0.116,-1.292,-0.096,Cycling
-0.164,-0.896,-0.048,Cycling
0.06,-1.068,-0.044,Cycling
-0.004,-0.764,-0.184,Cycling
-0.012,-1.12,-0.164,Cycling
0.04,-1.016,-0.048,Cycling
-0.156,-0.908,-0.024,Cycling
-0.04,-0.884,-0.044,Cycling
-0.08,-0.892,-0.256,Cycling
-0.06,-1.228,-0.044,Cycling
0.092,-0.764,-0.06,Cycling
-0.024,-0.872,-0.044,Cycling
-0.2,-0.844,-0.196,Cycling
0.008,-1.092,-0.084,Cycling
-0.088,-1.172,0.064,Cycling
0.008,-1.092,0.008,Cycling
-0.124,-1.28,-0.196,Cycling
-0.328,-0.996,0.012,Cycling
0.024,-1.092,0.028,Cycling
-0.112,-1.116,0.02,Cycling
-0.116,-1.068,-0.084,Cycling
-0.056,-1.128,-0.056,Cycling
0.024,-1.14,-0.048,Cycling
0.092,-1.204,0.088,Cycling
-0.144,-1.016,-0.092,Cycling
-0.048,-0.972,0.016,Cycling
-0.052,-0.924,0.04,Cycling
-0.04,-0.928,-0.02,Cycling
-0.076,-1.156,0.18,Cycling
-0.332,-1.132,0.204,Cycling
0.052,-1.02,-0.024,Cycling
0.052,-0.968,-0.072,Cycling
-0.108,-0.84,-0.12,Cycling
-0.012,-1.02,-0.072,Cycling
-0.092,-1.248,0.112,Cycling
-0.008,-1.088,0.132,Cycling
0.008,-1.044,-0.116,Cycling
-0.096,-0.992,-0.164,Cycling
-0.096,-1.076,0.012,Cycling
0,-1.308,0.116,Cycling
-0.032,-1.108,-0.216,Cycling
0,-0.856,-0.132,Cycling
-0.288,-1.444,0,Cycling
-0.084,-0.656,-0.128,Cycling
-0.056,-0.924,-0.176,Cycling
-0.056,-0.672,-0.108,Cycling
-0.096,-0.788,-0.108,Cycling
0.092,-0.976,0.056,Cycling
0,-0.936,-0.196,Cycling
-0.14,-1.152,-0.112,Cycling
-0.244,-1.276,0.028,Cycling
0.108,-0.836,-0.18,Cycling
-0.132,-0.904,-0.176,Cycling
-0.052,-0.924,-0.056,Cycling
0.068,-1.268,-0.036,Cycling
-0.136,-0.832,-0.18,Cycling
-0.12,-0.808,-0.024,Cycling
0.3,-1.072,0.112,Cycling
-0.044,-1.464,0.028,Cycling
-0.116,-1.296,-0.02,Cycling
-0.096,-1.032,0.08,Cycling
-0.092,-0.968,0.152,Cycling
-0.116,-1.452,-0.056,Cycling
-0.12,-1.392,0.096,Cycling
-0.424,-1.504,0.252,Cycling
-0.128,-1.092,0.028,Cycling
-0.196,-0.952,-0.084,Cycling
0.248,-1.396,-0.024,Cycling
-0.268,-0.904,-0.008,Cycling
-0.056,-0.772,-0.084,Cycling
-0.028,-1.052,-0.096,Cycling
-0.048,-1.188,0,Cycling
-0.036,-0.944,0.02,Cycling
0.088,-1.288,0.02,Cycling
0.168,-1.14,-0.04,Cycling
0.072,-1.06,0.028,Cycling
-0.06,-1.196,0.08,Cycling
0.056,-1.18,-0.052,Cycling
-0.104,-1.208,-0.092,Cycling
-0.04,-0.908,-0.028,Cycling
0.008,-1.148,0.108,Cycling
-0.016,-1.252,0,Cycling
-0.124,-0.756,-0.136,Cycling
0.004,-0.952,-0.104,Cycling
0.056,-0.76,0.016,Cycling
0.224,-1,-0.04,Cycling
-0.14,-1.092,-0.216,Cycling
-0.044,-0.988,-0.156,Cycling
0.024,-0.796,-0.04,Cycling
0.004,-0.92,-0.264,Cycling
-0.06,-0.652,-0.132,Cycling
0.024,-0.92,-0.048,Cycling
-0.228,-1.436,0.156,Cycling
-0.048,-1.2,-0.004,Cycling
-0.064,-0.98,-0.112,Cycling
-0.04,-1.06,-0.164,Cycling
0.096,-0.688,-0.028,Cycling
-0.072,-1.004,-0.072,Cycling
-0.208,-1.012,-0.016,Cycling
-0.132,-0.92,-0.056,Cycling
0.012,-1.172,0.08,Cycling
-0.16,-0.872,0.076,Cycling
-0.024,-1.308,0.252,Cycling
0.216,-1.22,0.208,Cycling
-0.312,-1.156,0.116,Cycling
-0.284,-0.932,-0.112,Cycling
0.248,-1.036,0.14,Cycling
-0.04,-1.124,0.02,Cycling
-0.244,-0.788,-0.264,Cycling
0.14,-0.968,-0.168,Cycling
-0.108,-1.036,0.024,Cycling
-0.024,-0.912,0.024,Cycling
-0.032,-1.136,-0.124,Cycling
-0.076,-1.132,0.004,Cycling
-0.052,-1.172,0.008,Cycling
-0.056,-1.096,0.036,Cycling
0,-0.96,-0.088,Cycling
0.04,-1.012,-0.084,Cycling
-0.064,-1.016,0.044,Cycling
-0.164,-1.124,-0.056,Cycling
0.14,-1.124,-0.152,Cycling
-0.156,-1.012,0,Cycling
-0.32,-1.576,0.068,Cycling
0.024,-1.044,-0.024,Cycling
0.124,-1.824,-0.048,Cycling
-0.092,-0.936,0.108,Cycling
0.056,-1.132,0.112,Cycling
-0.008,-1.24,-0.04,Cycling
0.06,-0.82,-0.1,Cycling
-0.044,-1.008,-0.06,Cycling
-0.2,-1.324,-0.028,Cycling
-0.028,-0.844,-0.036,Cycling
-0.144,-1.216,0.104,Cycling
-0.176,-1.06,-0.116,Cycling
-0.096,-1.244,-0.156,Cycling
-0.052,-0.768,-0.128,Cycling
0.052,-1.168,0.012,Cycling
-0.26,-1.212,0.108,Cycling
-0.004,-1.02,-0.016,Cycling
0.004,-0.792,-0.072,Cycling
0.28,-0.696,-0.232,Cycling
-0.032,-1.296,0.076,Cycling
-0.036,-1.092,0.028,Cycling
0,-1.112,0.068,Cycling
-0.048,-1.08,0.088,Cycling
-0.04,-0.952,0.024,Cycling
0.04,-0.744,-0.052,Cycling
0.072,-1.108,-0.08,Cycling
-0.004,-1.032,0.036,Cycling
-0.08,-1.376,0.052,Cycling
-0.156,-1.148,0.016,Cycling
-0.064,-1.168,0.1,Cycling
0.016,-1.14,-0.024,Cycling
-0.08,-1.044,-0.02,Cycling
0.088,-0.996,0.032,Cycling
-0.088,-0.852,0.256,Cycling
-0.144,-1.02,-0.028,Cycling
-0.056,-1.14,0.22,Cycling
-0.336,-1.092,0.164,Cycling
0.228,-1.064,-0.032,Cycling
0.376,-1.096,0.004,Cycling
0.228,-0.86,-0.104,Cycling
-0.14,-1.512,0.636,Cycling
-0.176,-1.02,0.016,Cycling
-0.14,-0.908,0.232,Cycling
-0.044,-0.68,0.032,Cycling
0.084,-0.768,0.264,Cycling
0.012,-0.34,-0.096,Cycling
0.22,-0.732,0.168,Cycling
-0.036,-0.508,-0.048,Cycling
0.136,-0.808,0.252,Cycling
0.148,-0.732,-0.096,Cycling
-0.276,-1.144,0.076,Cycling
-0.244,-0.788,-0.044,Cycling
0,-1.136,0.192,Cycling
-0.512,-0.844,0.136,Cycling
-0.104,-0.76,0.02,Cycling
-0.38,-1.332,0.38,Cycling
-0.212,-0.98,0.08,Cycling
-0.14,-0.908,0.124,Cycling
0.18,-1.144,0.036,Cycling
0.16,-1.284,-0.044,Cycling
0.004,-0.98,-0.028,Cycling
-0.28,-0.872,0.108,Cycling
-0.048,-0.992,0.048,Cycling
-0.088,-0.952,0.212,Cycling
-0.208,-1.068,0.06,Cycling
-0.012,-1.068,0.084,Cycling
-0.144,-0.908,0.06,Cycling
-0.152,-0.808,0.048,Cycling
-0.108,-1.128,0.128,Cycling
-0.06,-1.048,0.076,Cycling
0.076,-1.18,0.076,Cycling
-0.176,-0.98,0.116,Cycling
-0.096,-1.376,0.084,Cycling
-0.164,-1.104,0.148,Cycling
-0.048,-1.14,0.184,Cycling
0.052,-0.98,0.436,Cycling
-0.172,-1.024,0.392,Cycling
-0.06,-1.068,0.244,Cycling
0.256,-1.372,0.104,Cycling
-0.152,-1.012,0.024,Cycling
-0.06,-1.108,0.172,Cycling
-0.092,-1.08,0.18,Cycling
-0.06,-1.308,0.196,Cycling
-0.104,-0.908,0.124,Cycling
-0.032,-1.12,0.088,Cycling
-0.04,-1.204,0.172,Cycling
-0.22,-0.968,0.02,Cycling
0.008,-1.372,0.18,Cycling
-0.012,-1.116,0.252,Cycling
-0.336,-0.936,0.052,Cycling
0.032,-1.092,0.196,Cycling
-0.22,-1.088,0.228,Cycling
-0.3,-1.164,0.008,Cycling
-0.084,-1.548,0.288,Cycling
-0.44,-0.852,0.164,Cycling
0.02,-1.524,0.156,Cycling
-0.072,-0.876,0.156,Cycling
-0.512,-1.16,0.432,Cycling
-0.044,-0.808,-0.04,Cycling
-0.152,-0.876,0.088,Cycling
0.14,-0.84,-0.028,Cycling
-0.236,-1.528,0.172,Cycling
-0.088,-1.096,0.2,Cycling
-0.032,-1.04,0.108,Cycling
-0.184,-1.076,0.112,Cycling
0.012,-1.572,0.276,Cycling
-0.336,-0.96,-0.012,Cycling
-0.116,-1.98,0.324,Cycling
-0.16,-0.952,0.072,Cycling
-0.144,-0.548,0.12,Cycling
-0.056,-0.728,-0.084,Cycling
-0.22,-1.408,0.304,Cycling
0.052,-0.812,-0.004,Cycling
0,-0.96,0.108,Cycling
-0.032,-1.228,0.148,Cycling
-0.272,-0.716,-0.02,Cycling
0.004,-1.08,0.144,Cycling
0.048,-0.852,-0.004,Cycling
-0.136,-1.252,0.056,Cycling
-0.16,-0.916,0.108,Cycling
-0.212,-0.832,0.016,Cycling
0.152,-1.552,0.268,Cycling
-0.308,-0.872,-0.072,Cycling
0.036,-1.46,0.208,Cycling
-0.068,-1,0.18,Cycling
-0.132,-1.024,-0.02,Cycling
-0.1,-0.732,-0.084,Cycling
-0.096,-0.684,0.108,Cycling
-0.176,-0.988,0.104,Cycling
-0.484,-1.18,-0.04,Cycling
-0.236,-1.288,0.24,Cycling
-0.272,-0.864,0.2,Cycling
-0.1,-1.292,0.148,Cycling
-0.112,-0.872,0.084,Cycling
-0.192,-1.38,0.228,Cycling
0.252,-1.2,0.012,Cycling
-0.168,-1.508,0.304,Cycling
0.228,-1.248,0.292,Cycling
-0.016,-0.556,0.024,Cycling
-0.12,-1.14,0.124,Cycling
-0.148,-0.972,-0.096,Cycling
-0.076,-0.824,0.068,Cycling
-0.272,-1.14,0.108,Cycling
-0.2,-1.26,0.044,Cycling
-0.24,-1.032,0.12,Cycling
-0.276,-1.188,0.112,Cycling
-0.024,-1.192,0.16,Cycling
-0.116,-0.648,0,Cycling
0,-1.196,-0.008,Cycling
-0.228,-1.04,0.124,Cycling
-0.108,-1.016,0.052,Cycling
-0.156,-0.688,-0.1,Cycling
-0.048,-0.516,0.112,Cycling
-0.232,-1.012,0.008,Cycling
-0.108,-1.244,0.128,Cycling
-0.188,-1.064,0.02,Cycling
-0.18,-1.4,0.108,Cycling
-0.244,-1.04,0.164,Cycling
-0.168,-0.896,0.06,Cycling
-0.052,-0.88,-0.036,Cycling
-0.16,-0.9,0.14,Cycling
-0.248,-1.308,0.128,Cycling
-0.068,-0.704,0.02,Cycling
-0.236,-0.988,0.096,Cycling
-0.264,-1.588,0.068,Cycling
-0.072,-0.736,0.012,Cycling
-0.136,-0.628,0.044,Cycling
-0.028,-0.808,0.192,Cycling
-0.188,-0.932,0.136,Cycling
0.1,-0.96,0.072,Cycling
0.108,-1.292,0.18,Cycling
-0.148,-0.824,-0.088,Cycling
-0.044,-0.812,0.168,Cycling
-0.184,-1.124,0.18,Cycling
0.012,-0.916,0.004,Cycling
-0.156,-1.26,0.096,Cycling
-0.272,-1.288,0.224,Cycling
0.032,-1.056,-0.052,Cycling
-0.124,-0.84,0.052,Cycling
-0.472,-1.372,0.304,Cycling
-0.256,-1.428,0.392,Cycling
-0.076,-0.84,0.068,Cycling
-0.368,-1.056,0.184,Cycling
-0.064,-1.18,0.192,Cycling
-0.188,-1.128,0.196,Cycling
-0.252,-1.04,0.192,Cycling
0.152,-1.036,0.116,Cycling
-0.16,-1.04,0.38,Cycling
-0.236,-0.848,0.06,Cycling
-0.148,-0.816,0.016,Cycling
0.184,-1.02,0.032,Cycling
-0.196,-1.232,0.352,Cycling
-0.144,-0.86,0.06,Cycling
-0.092,-1.088,0.192,Cycling
-0.32,-1.22,0.316,Cycling
-0.172,-0.988,0.104,Cycling
-0.056,-1.304,0.14,Cycling
0.196,-0.968,0.024,Cycling
-0.092,-0.8,0.02,Cycling
-0.172,-1.004,0.02,Cycling
0.24,-1.292,0.104,Cycling
-0.316,-0.948,0.04,Cycling
-0.148,-0.828,0.156,Cycling
-0.268,-0.696,0.176,Cycling
-0.24,-1.476,0.256,Cycling
-0.084,-0.988,0.112,Cycling
0.06,-1.176,0.112,Cycling
0.08,-0.956,0.024,Cycling
-0.136,-1.184,0.148,Cycling
-0.104,-1.52,0.248,Cycling
-0.244,-1.016,0,Cycling
-0.136,-1,0.064,Cycling
-0.072,-1.204,0.208,Cycling
-0.096,-1.224,0.184,Cycling
-0.224,-0.904,0.008,Cycling
-0.088,-0.82,0.064,Cycling
0.024,-0.984,0.188,Cycling
-0.06,-1.228,0.216,Cycling
-0.16,-1.288,0.192,Cycling
-0.128,-0.98,0.136,Cycling
0.068,-0.964,0.068,Cycling
0.132,-1.244,0.104,Cycling
-0.112,-1.172,0.336,Cycling
-0.112,-1.064,0.116,Cycling
0.072,-0.988,0.084,Cycling
-0.128,-1.528,0.384,Cycling
-0.096,-1.412,0.268,Cycling
-0.104,-1.152,0.1,Cycling
0,-1.032,0.144,Cycling
0.024,-1.076,0.18,Cycling
-0.208,-1.624,0.304,Cycling
-0.308,-0.976,0.168,Cycling
-0.16,-1.096,0.06,Cycling
-0.104,-0.876,0.104,Cycling
-0.384,-1.336,0.232,Cycling
0.336,-1.608,0.036,Cycling
0.084,-0.564,0.26,Cycling
-0.652,-0.136,-0.012,Cycling
-0.316,-1.292,0.144,Cycling
-0.02,-0.716,0.072,Cycling
-0.124,-1.48,0.196,Cycling
-0.016,-1.016,-0.06,Cycling
0.008,-1.08,0.052,Cycling
-0.216,-0.796,0.036,Cycling
-0.128,-1.032,0.1,Cycling
-0.256,-1.364,0.404,Cycling
-0.336,-1.26,0.18,Cycling
-0.248,-1.012,0.368,Cycling
0.008,-1.088,0.096,Cycling
-0.28,-0.88,-0.072,Cycling
-0.016,-0.844,0.016,Cycling
-0.2,-0.916,0.108,Cycling
-0.288,-1.276,0.24,Cycling
-0.292,-0.876,0.216,Cycling
-0.24,-0.968,0.072,Cycling
-0.152,-1.076,0.224,Cycling
-0.408,-1.424,0.148,Cycling
0.176,-1.24,0.072,Cycling
-0.088,-0.364,-0.072,Cycling
-0.432,-0.8,0.08,Cycling
-0.072,-0.916,0.08,Cycling
-0.32,-1.048,0.204,Cycling
-0.22,-1.676,0.152,Cycling
-0.136,-0.956,0.112,Cycling
-0.16,-0.892,0.068,Cycling
-0.164,-0.844,0.048,Cycling
-0.2,-1.068,0.364,Cycling
-0.124,-1.204,0.116,Cycling
-0.136,-1.272,0.196,Cycling
-0.22,-1.472,0.216,Cycling
-0.188,-1.32,0.292,Cycling
0.052,-0.744,-0.06,Cycling
-0.048,-0.772,-0.028,Cycling
-0.136,-0.896,0.128,Cycling
-0.116,-0.616,0.052,Cycling
-0.052,-1.168,0.152,Cycling
-0.224,-1.06,0.068,Cycling
-0.192,-0.908,0.088,Cycling
-0.06,-0.88,0.068,Cycling
0.004,-0.928,0.044,Cycling
-0.06,-1.04,0.268,Cycling
-0.164,-1.056,0.236,Cycling
-0.228,-0.996,0.164,Cycling
-0.064,-0.872,0.02,Cycling
-0.148,-0.996,0.116,Cycling
-0.172,-1.024,-0.016,Cycling
0.108,-0.8,0,Cycling
0.188,-0.92,0.144,Cycling
-0.236,-1.104,0.164,Cycling
-0.26,-0.964,0.108,Cycling
-0.132,-1.108,0.256,Cycling
-0.16,-0.908,0.164,Cycling
-0.008,-0.888,0.092,Cycling
-0.096,-1.008,0.032,Cycling
-0.056,-0.956,0.152,Cycling
0.064,-0.904,0.052,Cycling
-0.228,-1.444,0.296,Cycling
-0.124,-0.856,-0.008,Cycling
-0.096,-1.048,0.196,Cycling
-0.032,-1.24,0.208,Cycling
-0.156,-1.028,0.112,Cycling
-0.052,-1.192,0.016,Cycling
-0.052,-0.816,-0.024,Cycling
-0.34,-1.16,0.22,Cycling
0.072,-0.84,0.016,Cycling
-0.024,-1.332,0.116,Cycling
-0.06,-0.996,0.188,Cycling
-0.048,-1.036,0.048,Cycling
-0.008,-0.944,0.008,Cycling
-0.38,-1.02,0.292,Cycling
-0.016,-0.652,0.008,Cycling
-0.188,-0.668,0.076,Cycling
-0.08,-0.808,0.092,Cycling
-0.032,-0.908,0.196,Cycling
-0.088,-0.996,0.088,Cycling
-0.2,-1.12,0.14,Cycling
0.032,-0.984,0.168,Cycling
-0.164,-1.28,0.28,Cycling
-0.164,-1.268,0.22,Cycling
-0.172,-1.176,0.112,Cycling
-0.168,-1.168,0.104,Cycling
-0.196,-1.1,0.164,Cycling
-0.112,-1.016,0.156,Cycling
-0.464,-0.844,-0.18,Cycling
-0.388,-0.888,-0.424,Cycling
-0.8,-0.828,-0.284,Cycling
-0.192,-1.456,-0.54,Cycling
-0.312,-1,0.384,Cycling
-0.02,-1.028,0.396,Cycling
0.012,-1.024,-0.024,Cycling
-0.044,-0.836,0.248,Cycling
-0.1,-0.852,0.112,Cycling
-0.136,-1.068,0.432,Cycling
0.24,-1.1,0.176,Cycling
-0.108,-1.024,0.044,Cycling
0.112,-0.908,0.344,Cycling
0.044,-0.876,-0.036,Cycling
-0.092,-0.916,0.252,Cycling
-0.416,-0.816,0.276,Cycling
0.172,-1.052,-0.232,Cycling
0.12,-0.804,0.28,Cycling
0.044,-0.884,-0.104,Cycling
0.092,-0.848,0.212,Cycling
-0.128,-1.048,0.188,Cycling
-0.344,-1.876,0.708,Cycling
0.248,-1.004,0.36,Cycling
0.116,-0.84,-0.108,Cycling
-0.02,-0.776,0.296,Cycling
0.036,-1.144,0.34,Cycling
-0.188,-0.92,0.152,Cycling
0.26,-0.932,0.34,Cycling
0.184,-1.056,0.12,Cycling
0.136,-1.064,0.2,Cycling
0.176,-1.012,0.164,Cycling
0.116,-1.028,0.192,Cycling
0.112,-1.016,0.208,Cycling
0.056,-1.032,0.148,Cycling
0.136,-0.98,0.22,Cycling
-0.032,-1,0.152,Cycling
0.12,-1.076,0.096,Cycling
0.244,-0.984,0.24,Cycling
-0.008,-0.984,0.192,Cycling
0.252,-0.98,0.256,Cycling
0.224,-1.06,-0.088,Cycling
0.1,-0.968,-0.196,Cycling
0.432,-1.072,-0.192,Cycling
0.372,-1.012,0.088,Cycling
0.256,-1.032,0.132,Cycling
0.46,-0.964,0.22,Cycling
0.256,-0.908,0.06,Cycling
0.208,-1.096,-0.044,Cycling
0.276,-0.948,-0.016,Cycling
0.436,-0.796,0.236,Cycling
0.26,-0.832,0.096,Cycling
0.284,-1.22,0.008,Cycling
0.188,-1.144,0.036,Cycling
0.26,-1.092,0.192,Cycling
0.3,-1.06,0.176,Cycling
0.276,-0.652,-0.044,Cycling
0.292,-1.06,0.184,Cycling
0.324,-0.856,0.164,Cycling
0.308,-0.884,0.056,Cycling
0.028,-1.12,0.04,Cycling
-0.168,-1.052,0.196,Cycling
0.324,-1.292,0.104,Cycling
0.464,-1.304,0.24,Cycling
0.1,-0.82,0.184,Cycling
0.116,-1.108,0.144,Cycling
0.456,-0.788,0.004,Cycling
0.34,-0.736,0.048,Cycling
0.34,-1.12,0.348,Cycling
0.264,-0.736,0.204,Cycling
0.448,-1.032,0.324,Cycling
0.04,-1.248,0.16,Cycling
0.464,-1.108,0.176,Cycling
0.52,-0.92,0.256,Cycling
0.34,-1.12,0.172,Cycling
0.268,-1.008,0.008,Cycling
0.404,-1.016,-0.028,Cycling
0.28,-1.056,0.088,Cycling
0.58,-1.188,0.268,Cycling
0.244,-0.972,0.164,Cycling
0.368,-0.78,0.008,Cycling
0.136,-1.132,-0.012,Cycling
0.268,-0.892,0.288,Cycling
0.228,-1.044,0.144,Cycling
0.348,-1.224,0.156,Cycling
0.344,-1.128,-0.084,Cycling
0.24,-0.968,0.108,Cycling
0.26,-1.024,0.12,Cycling
0.404,-0.996,0.148,Cycling
0.212,-1.648,0.66,Cycling
0.588,-1.1,0.26,Cycling
0.288,-1.22,0.084,Cycling
0.232,-0.792,0.072,Cycling
0.52,-1.216,0.2,Cycling
0.324,-1.324,0.156,Cycling
0.268,-0.632,0.12,Cycling
0.444,-1.144,0.18,Cycling
0.332,-1.4,0.172,Cycling
0.248,-0.988,0.164,Cycling
0.368,-0.776,0.14,Cycling
0.464,-1,0.064,Cycling
0.132,-0.828,0.064,Cycling
0.54,-0.976,0.08,Cycling
0.36,-1.348,0.22,Cycling
0.456,-1.268,0.348,Cycling
0.152,-1.204,0.228,Cycling
0.488,-0.828,-0.008,Cycling
-0.048,-0.964,0.136,Cycling
0.172,-1.496,0.124,Cycling
0.456,-1.188,0.208,Cycling
0.328,-0.668,0.02,Cycling
0.256,-0.628,-0.072,Cycling
0.356,-1.016,0.244,Cycling
0.332,-0.844,0.016,Cycling
0,-1.4,-0.008,Cycling
0.116,-1.112,0.24,Cycling
0.132,-1.32,0.136,Cycling
0.492,-1.028,0.096,Cycling
0.348,-0.656,0.172,Cycling
0.324,-1.12,0,Cycling
0.556,-1.456,0.292,Cycling
0.508,-0.68,0.312,Cycling
0.172,-1.232,0.048,Cycling
0.076,-0.428,-0.1,Cycling
0.188,-1.136,0.104,Cycling
0.384,-0.992,0.108,Cycling
0.264,-1.24,0.32,Cycling
0.184,-0.936,0.008,Cycling
0.22,-1.152,0.304,Cycling
0.324,-0.94,0.084,Cycling
0.756,-0.708,0.024,Cycling
0.448,-1.04,0.204,Cycling
0.6,-1.02,0.228,Cycling
0.588,-0.944,0.288,Cycling
0.24,-1.352,0.312,Cycling
0.432,-0.76,0.132,Cycling
0.752,-1.212,0.352,Cycling
0.572,-1.1,0.192,Cycling
0.252,-0.804,0.288,Cycling
0.384,-1.196,0.268,Cycling
0.636,-1.556,0.468,Cycling
0.204,-1.284,0.26,Cycling
0.288,-0.868,0.028,Cycling
0.016,-0.564,-0.128,Cycling
0.364,-0.88,0.2,Cycling
0.224,-0.936,0.188,Cycling
0.192,-1.252,0.048,Cycling
0.348,-1.024,0.172,Cycling
0.472,-0.716,0.128,Cycling
0.264,-0.82,0.076,Cycling
0.24,-0.956,0.112,Cycling
0.072,-0.996,0.156,Cycling
0.272,-1.04,0.148,Cycling
0.232,-1.128,0.096,Cycling
0.348,-1.02,0.196,Cycling
0.224,-0.92,0.184,Cycling
0.176,-0.824,0.16,Cycling
0.688,-0.68,0.32,Cycling
0.6,-0.932,0.368,Cycling
0.492,-0.964,0.068,Cycling
0.34,-0.96,0.14,Cycling
0.492,-1.012,0.044,Cycling
0.16,-1.188,0.144,Cycling
0.548,-1.088,0.092,Cycling
0.496,-0.98,0.016,Cycling
0.364,-0.948,0.2,Cycling
0.156,-0.952,0.224,Cycling
0.232,-0.892,-0.188,Cycling
0.36,-0.624,-0.208,Cycling
0.088,-1.092,0.064,Cycling
0.312,-0.78,0.096,Cycling
0.2,-0.896,0.056,Cycling
0.364,-1.052,0.104,Cycling
0.396,-1.148,0.06,Cycling
0.264,-1.052,0.252,Cycling
0.256,-1.192,0.28,Cycling
0.24,-0.556,-0.068,Cycling
0.036,-1.064,0,Cycling
0.24,-0.996,0.156,Cycling
0.42,-0.668,-0.068,Cycling
0.336,-1.312,0.28,Cycling
0.248,-1.156,0.204,Cycling
0.396,-0.732,-0.06,Cycling
0.292,-1.028,0.144,Cycling
0.296,-0.776,0.148,Cycling
0.512,-0.816,0.044,Cycling
0.616,-0.98,0.088,Cycling
0.436,-0.744,0.104,Cycling
0.248,-1.104,0.084,Cycling
0.296,-1.04,0.392,Cycling
0.224,-0.516,-0.112,Cycling
0.124,-0.996,0.012,Cycling
0.544,-0.94,0.204,Cycling
0.452,-0.992,0,Cycling
0.22,-0.644,-0.056,Cycling
0.436,-1.068,0.252,Cycling
0.424,-0.98,0.072,Cycling
0.104,-0.788,0.092,Cycling
0.18,-0.916,0.204,Cycling
0.032,-1.18,0.244,Cycling
0.36,-0.836,0.072,Cycling
0.364,-1.316,0.24,Cycling
0.22,-0.412,0.012,Cycling
0.284,-1.232,0.316,Cycling
0.48,-1.624,0.244,Cycling
0.836,-2.004,0.724,Cycling
0.212,-0.768,0.032,Cycling
0.492,-1.2,0.208,Cycling
0.58,-0.956,0.224,Cycling
0.268,-0.732,0.02,Cycling
0.404,-0.976,0.152,Cycling
0.392,-1.472,0.416,Cycling
0.204,-0.752,0.068,Cycling
0.312,-0.9,0.076,Cycling
0.2,-1.144,0.128,Cycling
0.364,-0.916,0.108,Cycling
0.448,-0.688,0.148,Cycling
0.488,-1.14,0.256,Cycling
0.464,-1.144,0.308,Cycling
0.504,-1.188,0.24,Cycling
0.424,-1.268,0.196,Cycling
0.192,-0.92,0.12,Cycling
0.532,-1.164,0.232,Cycling
0.376,-0.936,0.136,Cycling
0.192,-1.02,0.172,Cycling
0.576,-0.968,0.192,Cycling
0.244,-0.848,0.04,Cycling
0.308,-1.276,0.264,Cycling
0.224,-1.228,0.308,Cycling
0.376,-0.776,0.16,Cycling
0.184,-1.512,0.224,Cycling
0.224,-1.112,0.12,Cycling
0.392,-1.268,0.316,Cycling
0.176,-1.08,0.08,Cycling
0.3,-1.12,0.216,Cycling
0.416,-1.456,0.484,Cycling
0.716,-0.536,0.056,Cycling
0.112,-0.924,0.196,Cycling
0.312,-0.668,0.028,Cycling
0.32,-0.672,-0.076,Cycling
0.344,-1.252,0.256,Cycling
0.624,-0.648,0.196,Cycling
0.524,-1.032,0.324,Cycling
0.268,-1.04,0.176,Cycling
0.332,-1.076,0.172,Cycling
0.424,-1.584,0.44,Cycling
0.472,-0.996,0.244,Cycling
0.316,-0.972,0.18,Cycling
0.364,-0.876,0.152,Cycling
0.26,-0.98,0.06,Cycling
0.58,-1.004,0.12,Cycling
0.424,-0.868,0.028,Cycling
0.272,-0.992,0.172,Cycling
0.44,-1.14,0.308,Cycling
0.216,-1.18,0.164,Cycling
0.34,-0.876,0.108,Cycling
0.24,-1.12,0.2,Cycling
0.06,-1.18,0.052,Cycling
0.2,-1.028,-0.008,Cycling
0.232,-1.312,0.088,Cycling
0.28,-1.188,0.28,Cycling
0.276,-1.088,-0.02,Cycling
0.416,-0.772,0.104,Cycling
0.552,-1.08,0.312,Cycling
-0.052,-1.088,-0.052,Cycling
0.22,-0.924,0.036,Cycling
0.292,-0.7,0.096,Cycling
0.372,-1.252,0.276,Cycling
0.44,-0.716,0.072,Cycling
0.292,-0.756,0.152,Cycling
0.348,-1.012,0.108,Cycling
0.34,-0.968,0.236,Cycling
0.416,-0.868,0.12,Cycling
0.304,-1.3,0.224,Cycling
0.272,-1.14,0.184,Cycling
0.272,-1.176,0.12,Cycling
0.296,-0.616,-0.04,Cycling
0.236,-0.848,0.148,Cycling
0.4,-0.652,0.04,Cycling
0.5,-1.008,0.268,Cycling
0.384,-0.78,0.052,Cycling
0.284,-1.08,0.228,Cycling
0.5,-1.016,0.068,Cycling
0.24,-1.472,0.18,Cycling
0.456,-0.932,0.272,Cycling
0.456,-1.288,0.244,Cycling
0.304,-0.66,0.024,Cycling
0.268,-1,0.108,Cycling
0.124,-0.692,0.06,Cycling
0.34,-0.556,0.056,Cycling
0.38,-0.748,0.136,Cycling
0.176,-0.96,0.072,Cycling
0.168,-0.964,0.232,Cycling
0.388,-1.4,0.476,Cycling
-0.148,-1.74,0.348,Cycling
0.224,-1.016,0.268,Cycling
0.04,-0.812,0.124,Cycling
0.184,-0.904,0.052,Cycling
0.236,-0.696,0.128,Cycling
0.136,-1.052,0.272,Cycling
0.224,-0.768,-0.024,Cycling
0.12,-1.052,0.004,Cycling
0.16,-1.152,0.16,Cycling
0.46,-1.144,0.364,Cycling
0.072,-0.74,0.04,Cycling
0.052,-0.66,0.052,Cycling
0.32,-0.828,0.212,Cycling
0.3,-0.724,0.068,Cycling
0.396,-1.432,0.28,Cycling
0.136,-1.088,0.148,Cycling
0.46,-1.136,0.26,Cycling
0.092,-0.816,0.032,Cycling
0.056,-1.188,0.088,Cycling
0.308,-1.096,0.068,Cycling
0.336,-0.92,0.1,Cycling
0.344,-1.032,0.108,Cycling
0.044,-1.024,0.104,Cycling
0.368,-0.916,-0.008,Cycling
0.288,-1.556,0.216,Cycling
0.38,-1.044,0.328,Cycling
0.168,-0.864,-0.032,Cycling
0.32,-0.652,0.012,Cycling
0.328,-0.996,0.252,Cycling
0.26,-1.108,0.112,Cycling
0.352,-0.7,0.176,Cycling
0.364,-0.728,0.084,Cycling
0.04,-0.94,0.092,Cycling
0.476,-0.764,0.116,Cycling
-0.048,-0.988,0.04,Cycling
-0.188,-1.052,-0.032,Cycling
-0.168,-1.036,-0.016,Cycling
-0.376,-0.8,-0.128,Cycling
0.068,-1.236,-0.012,Cycling
0.076,-0.868,-0.072,Cycling
-0.368,-0.864,-0.056,Cycling
-0.088,-0.872,0.064,Cycling
-0.128,-0.816,0.048,Cycling
-0.144,-1.092,0.008,Cycling
0.068,-0.984,0.088,Cycling
-0.268,-0.956,0.004,Cycling
-0.3,-1.012,-0.004,Cycling
0.088,-0.912,-0.268,Cycling
-0.068,-1.168,0.036,Cycling
-0.12,-1.04,0.012,Cycling
-0.064,-0.764,-0.136,Cycling
-0.564,-1.06,-0.12,Cycling
-0.348,-0.912,-0.092,Cycling
-0.128,-0.84,-0.056,Cycling
-0.456,-1.204,0.216,Cycling
0.484,-0.86,-0.168,Cycling
-0.148,-1.06,-0.296,Cycling
-0.132,-0.72,0.048,Cycling
0.156,-1.184,-0.136,Cycling
-0.032,-0.98,-0.372,Cycling
-0.1,-1.392,-0.016,Cycling
-0.464,-1.416,0.248,Cycling
-0.24,-1.156,-0.092,Cycling
0.028,-1.252,-0.104,Cycling
-0.012,-1.252,-0.104,Cycling
-0.552,-1.116,0.008,Cycling
-0.032,-1.236,0.056,Cycling
-0.156,-1.028,0.204,Cycling
-0.116,-1.232,0.408,Cycling
-0.296,-1.016,0.352,Cycling
-0.32,-1.084,0.268,Cycling
-0.308,-0.732,0.192,Cycling
-0.264,-1.208,0.232,Cycling
0.12,-1.568,0.004,Cycling
-0.164,-1.024,-0.016,Cycling
-0.06,-1.248,-0.084,Cycling
-0.016,-1.128,0.156,Cycling
-0.192,-1.044,0.156,Cycling
-0.112,-1.008,0.028,Cycling
0.04,-1.108,0.06,Cycling
-0.124,-1.08,0.1,Cycling
0.016,-0.984,0.104,Cycling
-0.148,-1.032,-0.052,Cycling
-0.06,-1.544,0.232,Cycling
-0.352,-1.064,0.096,Cycling
-0.108,-1.14,0.008,Cycling
-0.36,-1.228,-0.02,Cycling
-0.02,-1.26,0.256,Cycling
-0.2,-1.188,-0.028,Cycling
-0.22,-1.156,0.188,Cycling
0.188,-0.796,0.108,Cycling
-0.044,-0.968,0.212,Cycling
-0.116,-1.42,0.24,Cycling
-0.24,-1.332,0.004,Cycling
-0.08,-0.936,0.068,Cycling
-0.228,-0.708,0.048,Cycling
-0.088,-1.012,-0.068,Cycling
-0.076,-1.296,0.16,Cycling
-0.224,-1.164,0.1,Cycling
-0.408,-0.792,0.032,Cycling
-0.24,-1.272,0.172,Cycling
-0.324,-0.78,-0.088,Cycling
-0.052,-0.816,0.152,Cycling
-0.028,-0.796,0.204,Cycling
-0.2,-1.012,0.06,Cycling
-0.312,-0.784,0.064,Cycling
-0.048,-1.168,0,Cycling
0.092,-1.096,0.164,Cycling
0.34,-0.672,-0.204,Cycling
-0.248,-1.02,0.06,Cycling
-0.076,-1.152,0.152,Cycling
-0.22,-1.212,0.024,Cycling
-0.072,-0.848,-0.004,Cycling
0,-0.548,-0.08,Cycling
-0.172,-0.948,-0.092,Cycling
-0.208,-1.52,0.232,Cycling
0.028,-1.328,-0.04,Cycling
-0.084,-1.308,0.444,Cycling
-0.396,-2.048,0.32,Cycling
-0.192,-0.904,0.132,Cycling
0.036,-1.108,-0.124,Cycling
-0.152,-0.856,0.12,Cycling
0.14,-0.908,0.1,Cycling
0.16,-0.94,0.024,Cycling
-0.116,-0.8,-0.008,Cycling
0.28,-1.276,0.048,Cycling
-0.044,-1.144,-0.064,Cycling
-0.484,-0.972,-0.084,Cycling
-0.272,-1.084,0.104,Cycling
-0.232,-0.488,-0.044,Cycling
-0.04,-1.152,0.228,Cycling
-0.244,-0.94,0.128,Cycling
0.056,-0.72,-0.04,Cycling
0.076,-0.752,0.108,Cycling
-0.064,-1.312,0.144,Cycling
-0.304,-1.1,-0.096,Cycling
-0.068,-1.1,0.096,Cycling
-0.184,-1.256,0.036,Cycling
-0.076,-1.12,-0.02,Cycling
-0.456,-1.412,0.232,Cycling
-0.296,-1.332,0.044,Cycling
-0.38,-0.664,0.004,Cycling
-0.032,-1.152,0.22,Cycling
-0.256,-1.156,0.008,Cycling
-0.052,-1.088,0.032,Cycling
-0.056,-0.792,0.076,Cycling
-0.004,-1.276,0.16,Cycling
-0.092,-0.796,0.064,Cycling
0.044,-1.124,-0.024,Cycling
-0.164,-0.908,0.096,Cycling
-0.176,-1.008,0.08,Cycling
-0.104,-0.896,0.132,Cycling
-0.456,-0.984,0.308,Cycling
-0.272,-1.092,0.136,Cycling
-0.28,-1.024,0.312,Cycling
-0.248,-1.132,0.248,Cycling
-0.404,-1.08,0.344,Cycling
-0.216,-1.096,0.112,Cycling
-0.18,-0.924,0.076,Cycling
-0.164,-0.988,0.04,Cycling
-0.044,-1.096,0.188,Cycling
-0.124,-0.768,0.316,Cycling
0.036,-0.78,0.268,Cycling
-0.324,-0.976,-0.08,Cycling
0.136,-1.004,-0.008,Cycling
-0.232,-0.94,0.216,Cycling
-0.1,-1.128,0.064,Cycling
-0.052,-0.892,-0.036,Cycling
-0.296,-0.872,0.18,Cycling
-0.052,-1.128,0.148,Cycling
-0.16,-0.732,0.028,Cycling
-0.348,-1,0.152,Cycling
-0.128,-1.088,-0.04,Cycling
-0.204,-1.216,0.128,Cycling
0.04,-1.056,0.128,Cycling
-0.164,-0.756,0.02,Cycling
0.02,-1.108,-0.1,Cycling
-0.272,-1.472,0.284,Cycling
-0.188,-1.032,0.116,Cycling
-0.036,-1.136,0.048,Cycling
0.016,-0.848,0.024,Cycling
-0.08,-0.368,0.008,Cycling
0.124,-0.44,0.14,Cycling
0.108,-0.848,-0.06,Cycling
-0.132,-1.444,0.196,Cycling
-0.136,-0.656,0.1,Cycling
-0.132,-0.9,-0.012,Cycling
-0.236,-0.96,-0.028,Cycling
-0.12,-0.56,-0.04,Cycling
-0.42,-1.648,0.168,Cycling
-0.14,-1.292,0.064,Cycling
0.236,-0.82,-0.056,Cycling
-0.18,-1.132,0.064,Cycling
-0.084,-0.976,0.088,Cycling
-0.264,-0.916,0,Cycling
0.016,-0.772,0.028,Cycling
0,-0.684,0.056,Cycling
-0.312,-1.028,0.032,Cycling
0.028,-1.072,0.04,Cycling
-0.136,-1.02,0.064,Cycling
-0.232,-1.344,0.076,Cycling
-0.132,-0.796,0.144,Cycling
-0.004,-0.78,0.044,Cycling
0.132,-0.96,0.068,Cycling
-0.264,-1.144,0.14,Cycling
-0.2,-1.496,0.088,Cycling
-0.112,-0.988,0.048,Cycling
-0.308,-0.816,-0.108,Cycling
-0.14,-0.7,0.036,Cycling
0.12,-1.012,0.08,Cycling
-0.032,-1.28,0.172,Cycling
-0.12,-1.104,0.108,Cycling
-0.484,-1.424,0.24,Cycling
-0.26,-1.052,0.056,Cycling
-0.016,-1.228,0.08,Cycling
-0.032,-1.388,0.072,Cycling
-0.396,-1.352,-0.028,Cycling
-0.184,-0.932,0.064,Cycling
-0.008,-0.8,0.036,Cycling
-0.064,-1.052,-0.064,Cycling
-0.064,-0.756,0.092,Cycling
0.1,-0.712,-0.092,Cycling
-0.228,-0.82,-0.064,Cycling
0.068,-0.808,-0.108,Cycling
0.208,-0.68,0.024,Cycling
0.128,-0.892,0.048,Cycling
0.156,-1.116,-0.076,Cycling
0.304,-0.736,-0.104,Cycling
-0.252,-1.516,-0.152,Cycling
-0.084,-0.616,-0.232,Cycling
-0.088,-1.496,0.184,Cycling
-0.168,-0.956,-0.084,Cycling
-0.196,-1.4,0.02,Cycling
-0.176,-1.076,0.104,Cycling
-0.356,-1.524,0.136,Cycling
-0.028,-0.88,-0.088,Cycling
-0.228,-1.296,0.044,Cycling
-0.36,-1.072,-0.124,Cycling
-0.252,-1.02,-0.1,Cycling
-0.24,-1.164,0.104,Cycling
-0.248,-0.992,0.2,Cycling
-0.268,-0.984,0.184,Cycling
0.012,-0.784,0.052,Cycling
-0.172,-1.068,0.084,Cycling
-0.408,-1.084,0.244,Cycling
0.004,-0.856,0.12,Cycling
-0.296,-1.028,0.012,Cycling
0.108,-1.116,0.088,Cycling
-0.216,-1.096,0.176,Cycling
-0.012,-1.068,0.004,Cycling
-0.064,-0.984,0.024,Cycling
-0.108,-1.208,0.064,Cycling
-0.044,-0.776,0,Cycling
0.012,-0.964,-0.012,Cycling
-0.36,-0.864,0.032,Cycling
-0.024,-0.988,0.016,Cycling
-0.212,-1.12,-0.012,Cycling
-0.312,-0.724,-0.072,Cycling
-0.088,-0.996,0.04,Cycling
-0.076,-0.992,-0.016,Cycling
-0.212,-1.012,0,Cycling
0.02,-0.836,0,Cycling
0.032,-0.96,0.056,Cycling
-0.16,-1.212,0.008,Cycling
0.144,-0.76,0.08,Cycling
-0.052,-1.02,-0.092,Cycling
-0.364,-0.824,-0.052,Cycling
-0.256,-0.996,0.008,Cycling
-0.068,-1.06,-0.008,Cycling
-0.116,-0.808,0.072,Cycling
-0.248,-1.144,0.088,Cycling
0.032,-1.032,-0.008,Cycling
0.172,-1.032,-0.064,Cycling
-0.124,-1.052,0.068,Cycling
-0.096,-1.108,-0.032,Cycling
0.016,-1.46,0.072,Cycling
-0.608,-1.54,0.06,Cycling
-0.272,-1.764,-0.096,Cycling
-0.056,-0.552,-0.064,Cycling
0.128,-0.752,0.096,Cycling
-0.188,-0.66,-0.108,Cycling
-0.32,-1.02,-0.168,Cycling
-0.064,-1.156,0.16,Cycling
-0.244,-1.012,0.132,Cycling
0.02,-1.02,0.004,Cycling
0.012,-0.824,-0.068,Cycling
-0.168,-0.928,0.032,Cycling
-0.256,-1.532,0.052,Cycling
-0.192,-0.704,-0.032,Cycling
-0.06,-0.936,-0.02,Cycling
-0.012,-1.184,0.096,Cycling
-0.116,-1.264,0.04,Cycling
-0.444,-1.296,-0.044,Cycling
-0.04,-0.824,0.016,Cycling
-0.34,-0.948,0.044,Cycling
-0.128,-0.972,0.056,Cycling
0.096,-1,-0.02,Cycling
-0.06,-0.836,0.012,Cycling
-0.224,-1.04,0.032,Cycling
-0.044,-1.104,0.26,Cycling
-0.14,-0.992,0.156,Cycling
-0.216,-0.912,0.068,Cycling
-0.34,-1.524,0.044,Cycling
-0.012,-0.968,0,Cycling
-0.096,-0.932,0.112,Cycling
-0.272,-0.82,0.124,Cycling
-0.296,-0.972,0.26,Cycling
-0.308,-1.036,0.22,Cycling
-0.492,-1.052,0.32,Cycling
-0.236,-0.768,0.156,Cycling
0.152,-0.812,0.02,Cycling
-0.036,-1.192,0.296,Cycling
-0.444,-0.92,0.096,Cycling
0.028,-0.904,0.06,Cycling
-0.052,-0.956,0.1,Cycling
0.028,-0.8,-0.204,Cycling
-0.292,-1.036,0.06,Cycling
0.056,-1.116,0.076,Cycling
-0.384,-0.832,0.1,Cycling
-0.176,-1.3,-0.036,Cycling
-0.084,-1.072,0.08,Cycling
-0.276,-1.076,-0.104,Cycling
-0.896,-0.868,-0.272,Cycling
-0.716,-0.46,-0.368,Cycling
0.124,-2.048,0.784,Cycling
-0.116,-0.456,-0.008,Cycling
-0.288,-0.792,0.496,Cycling
-0.372,-1.516,0.688,Cycling
-0.468,-1.844,0.412,Cycling
0.204,-0.976,0.252,Cycling
-0.432,-1.292,-0.1,Cycling
-0.176,-0.968,0.42,Cycling
0.068,-1.228,-0.116,Cycling
-0.376,-0.976,0.352,Cycling
-0.04,-0.9,-0.416,Cycling
-0.004,-0.948,-0.416,Cycling
-0.236,-1.216,-0.328,Cycling
0.068,-0.932,-0.428,Cycling
-0.036,-1.212,-0.58,Cycling
-0.06,-1.096,-0.244,Cycling
0.596,-0.628,-0.376,Cycling
0.032,-0.688,-0.256,Cycling
0.104,-0.88,-0.364,Cycling
-0.3,-1.224,-0.468,Cycling
0.068,-1.504,-0.516,Cycling
0,-0.78,-0.424,Cycling
-0.664,-0.932,-0.084,Cycling
-0.064,-1.176,-0.284,Cycling
0.076,-0.676,-0.208,Cycling
-0.496,-1.02,-0.264,Cycling
-0.176,-1.08,-0.34,Cycling
0.26,-0.944,-0.48,Cycling
0.044,-1.104,-0.32,Cycling
-0.24,-0.932,-0.16,Cycling
-0.164,-1.12,-0.364,Cycling
-0.26,-0.876,-0.244,Cycling
-0.096,-1.564,-0.236,Cycling
-0.556,-0.832,-0.064,Cycling
-0.576,-0.952,-0.288,Cycling
-0.38,-0.932,-0.104,Cycling
-0.292,-1.032,-0.176,Cycling
-0.424,-0.916,-0.356,Cycling
-0.248,-1.056,-0.336,Cycling
-0.224,-0.84,-0.228,Cycling
-0.132,-1.056,-0.136,Cycling
0.044,-1.204,-0.152,Cycling
0.084,-1.244,-0.24,Cycling
-0.304,-0.86,-0.404,Cycling
-0.164,-0.928,-0.204,Cycling
0.06,-0.852,-0.332,Cycling
-0.152,-1.136,-0.444,Cycling
0.084,-1.02,-0.448,Cycling
0,-0.9,-0.264,Cycling
-0.212,-1.156,-0.492,Cycling
0.52,-1.068,-0.48,Cycling
-0.148,-0.676,-0.208,Cycling
-0.14,-1.168,-0.456,Cycling
-0.332,-1.016,-0.352,Cycling
-0.136,-0.952,-0.268,Cycling
-0.216,-0.96,-0.352,Cycling
-0.176,-0.976,-0.36,Cycling
0.024,-1.352,-0.436,Cycling
-0.08,-0.82,-0.224,Cycling
0.384,-2.048,-0.552,Cycling
-0.04,-0.992,-0.452,Cycling
-0.42,-0.592,-0.212,Cycling
0.124,-0.752,-0.252,Cycling
-0.104,-1.252,-0.584,Cycling
-0.092,-0.864,-0.284,Cycling
0.008,-1.052,-0.4,Cycling
-0.26,-1.308,-0.524,Cycling
-0.052,-0.772,-0.324,Cycling
-0.024,-0.516,-0.216,Cycling
-0.288,-1.012,-0.332,Cycling
0.144,-0.984,-0.312,Cycling
-0.088,-1.104,-0.428,Cycling
0.164,-0.936,-0.416,Cycling
0.088,-0.956,-0.292,Cycling
-0.044,-1.172,-0.424,Cycling
-0.04,-1.18,-0.252,Cycling
-0.272,-1.192,-0.46,Cycling
0,-1.02,-0.296,Cycling
-0.1,-1.264,-0.448,Cycling
-0.228,-0.54,-0.256,Cycling
0.032,-1.112,-0.272,Cycling
0.344,-0.704,-0.308,Cycling
-0.072,-1.3,-0.368,Cycling
0.04,-1.42,-0.448,Cycling
-0.508,-1.612,-0.524,Cycling
-0.1,-1,-0.316,Cycling
-0.308,-1.32,-0.628,Cycling
-0.104,-0.796,-0.332,Cycling
0.084,-1.048,-0.428,Cycling
-0.6,-1.02,-0.268,Cycling
-0.18,-1.156,-0.352,Cycling
0.168,-0.792,-0.364,Cycling
0.224,-0.72,-0.308,Cycling
0.108,-0.748,-0.356,Cycling
-0.512,-0.768,-0.24,Cycling
-0.192,-0.94,-0.208,Cycling
-0.048,-0.472,-0.192,Cycling
0.18,-0.964,-0.408,Cycling
0.112,-0.94,-0.392,Cycling
0.772,-0.36,-0.272,Cycling
0.076,-1.248,-0.388,Cycling
-0.24,-0.828,-0.244,Cycling
0.204,-1.076,-0.428,Cycling
-0.212,-1.112,-0.42,Cycling
-0.072,-0.944,-0.24,Cycling
-0.044,-1.028,-0.22,Cycling
-0.22,-1.076,-0.332,Cycling
0.112,-1.124,-0.412,Cycling
-0.344,-1.112,-0.388,Cycling
-0.376,-1.88,-1.008,Cycling
0.288,-1.468,-0.104,Cycling
-0.068,-0.8,-0.356,Cycling
-0.268,-0.976,-0.252,Cycling
-0.416,-0.904,-0.008,Cycling
-0.388,-1.304,-0.236,Cycling
-0.764,-1.456,-0.108,Cycling
-0.408,-1.8,-0.088,Cycling
-0.412,-1.02,-0.148,Cycling
-0.492,-0.772,-0.06,Cycling
-0.036,-0.996,-0.324,Cycling
0,-0.684,-0.308,Cycling
-0.244,-1,-0.216,Cycling
-0.164,-1.012,-0.304,Cycling
-0.076,-1.072,-0.264,Cycling
-0.216,-0.936,-0.244,Cycling
0.052,-1.22,-0.36,Cycling
-0.208,-0.904,-0.42,Cycling
-0.76,-0.496,-0.092,Cycling
-0.26,-0.836,-0.04,Cycling
0.016,-0.964,-0.272,Cycling
-0.144,-0.928,-0.376,Cycling
-0.264,-0.852,-0.304,Cycling
0.088,-0.988,-0.376,Cycling
0.26,-0.848,-0.376,Cycling
-0.216,-1.056,-0.368,Cycling
-0.18,-1.196,-0.268,Cycling
0.04,-0.896,-0.288,Cycling
-0.184,-1.108,-0.336,Cycling
-0.076,-0.696,-0.112,Cycling
0.496,-0.444,0.268,Cycling
-0.084,-1.176,-0.412,Cycling
-0.26,-1.124,-0.256,Cycling
-0.304,-1.472,-0.192,Cycling
0.024,-0.956,-0.38,Cycling
-0.196,-0.992,-0.352,Cycling
0.172,-1.032,-0.448,Cycling
-0.368,-1.324,-0.572,Cycling
0.016,-0.848,-0.292,Cycling
-0.024,-1.196,-0.316,Cycling
-0.308,-1.28,-0.392,Cycling
-0.504,-1.552,-0.66,Cycling
0.144,-1.508,-0.348,Cycling
0.148,-0.836,-0.288,Cycling
-0.088,-0.996,-0.248,Cycling
-0.348,-1.252,-0.192,Cycling
-0.284,-0.92,-0.268,Cycling
-0.192,-1.428,-0.572,Cycling
-0.164,-0.928,-0.212,Cycling
-0.228,-0.968,-0.308,Cycling
-0.024,-0.768,-0.232,Cycling
-0.264,-1.496,-0.236,Cycling
-0.248,-0.92,-0.22,Cycling
0.004,-0.868,-0.204,Cycling
-0.104,-0.832,-0.164,Cycling
0.06,-1.168,-0.424,Cycling
-0.24,-1.328,-0.468,Cycling
-0.188,-1.284,-0.236,Cycling
0.204,-1.096,-0.448,Cycling
0.028,-0.836,-0.256,Cycling
0.204,-0.876,-0.192,Cycling
0.248,-1.336,-0.644,Cycling
-0.444,-1.184,-0.248,Cycling
-0.44,-0.864,-0.14,Cycling
-0.108,-1.42,-0.508,Cycling
-0.032,-1.02,-0.368,Cycling
-0.264,-1.048,-0.304,Cycling
-0.104,-0.848,-0.16,Cycling
-0.164,-0.732,-0.132,Cycling
0.068,-1.08,-0.428,Cycling
-0.212,-0.952,-0.344,Cycling
-0.116,-1.548,-0.272,Cycling
0.04,-0.528,-0.312,Cycling
0.124,-0.7,-0.356,Cycling
0.024,-1.216,-0.352,Cycling
-0.02,-1.244,-0.028,Cycling
-0.304,-1.136,-0.3,Cycling
-0.2,-0.536,-0.212,Cycling
0.132,-0.864,-0.252,Cycling
-0.272,-0.992,-0.16,Cycling
-0.032,-0.928,-0.308,Cycling
-0.424,-1.084,-0.368,Cycling
-0.072,-1.004,-0.232,Cycling
-0.288,-1.24,-0.268,Cycling
-0.08,-0.404,-0.112,Cycling
-0.02,-0.676,-0.02,Cycling
0.024,-1.448,-0.504,Cycling
-0.356,-1.568,-0.304,Cycling
-0.236,-0.952,-0.388,Cycling
-0.3,-1.544,-0.508,Cycling
-0.132,-1.116,-0.332,Cycling
0.456,-0.8,-0.316,Cycling
0.292,-1.672,-0.196,Cycling
-0.076,-0.592,-0.164,Cycling
-0.352,-1.004,-0.368,Cycling
-0.56,-1.472,-0.592,Cycling
0.012,-0.452,-0.124,Cycling
-0.16,-1.296,-0.392,Cycling
0.028,-0.972,-0.316,Cycling
0.06,-0.796,-0.196,Cycling
-0.648,-1.388,-0.244,Cycling
0.02,-0.612,-0.204,Cycling
-0.356,-1.288,-0.272,Cycling
-0.148,-1.052,-0.14,Cycling
-0.42,-1.428,-0.036,Cycling
-0.552,-1.084,-0.012,Cycling
-0.532,-1.08,-0.264,Cycling
-0.204,-0.936,-0.28,Cycling
0.004,-1.14,-0.184,Cycling
-0.1,-1,-0.308,Cycling
-0.372,-0.996,-0.42,Cycling
0.148,-0.788,-0.304,Cycling
-0.204,-0.868,-0.212,Cycling
-0.328,-1.064,-0.4,Cycling
-0.224,-1.072,-0.18,Cycling
0.492,-0.88,-0.484,Cycling
0.124,-1.18,-0.416,Cycling
0.1,-1.02,-0.452,Cycling
0.136,-0.66,-0.204,Cycling
0.344,-0.984,-0.364,Cycling
-0.604,-1.64,-0.372,Cycling
0.168,-1.064,-0.412,Cycling
-0.364,-1.284,-0.228,Cycling
0.216,-0.752,-0.288,Cycling
0.04,-1.072,-0.228,Cycling
0.104,-0.732,-0.332,Cycling
-0.052,-1.492,-0.392,Cycling
-0.344,-1.572,-0.304,Cycling
0.02,-0.92,-0.432,Cycling
-0.176,-0.884,-0.524,Cycling
0.06,-1.1,-0.364,Cycling
-0.076,-0.976,-0.208,Cycling
-0.328,-1.272,-0.212,Cycling
-0.212,-1.016,-0.344,Cycling
0.264,-0.972,-0.324,Cycling
0.396,-0.752,-0.312,Cycling
-0.256,-0.76,-0.268,Cycling
0.192,-1.284,-0.376,Cycling
-0.248,-1.32,-0.28,Cycling
-0.328,-1,-0.312,Cycling
0.044,-1.108,-0.496,Cycling
-0.152,-1.416,-0.46,Cycling
0.004,-0.868,-0.364,Cycling
0.156,-1.292,-0.324,Cycling
0.18,-0.996,-0.424,Cycling
-0.236,-0.856,-0.256,Cycling
0.004,-0.864,-0.236,Cycling
0.076,-1.016,-0.396,Cycling
-0.088,-0.908,-0.292,Cycling
0.052,-1.204,-0.316,Cycling
-0.008,-0.924,-0.46,Cycling
0.052,-1.22,-0.376,Cycling
-0.864,-0.54,-0.076,Cycling
-0.108,-0.48,-0.04,Cycling
-0.184,-1.004,-0.356,Cycling
0.128,-0.82,-0.252,Cycling
-0.028,-0.732,-0.192,Cycling
0.004,-0.896,-0.408,Cycling
-0.132,-1.068,-0.384,Cycling
-0.232,-0.936,-0.276,Cycling
-0.088,-1.42,-0.308,Cycling
-0.212,-0.996,-0.28,Cycling
0.028,-1.196,-0.224,Cycling
-0.06,-0.892,-0.224,Cycling
-0.048,-1.204,-0.376,Cycling
-0.184,-1.032,-0.456,Cycling
-0.148,-1.012,-0.544,Cycling
-0.448,-0.892,-0.62,Cycling
-0.368,-0.856,-0.38,Cycling
-0.376,-0.956,-0.42,Cycling
-0.464,-0.788,-0.204,Cycling
0.052,-1.112,-0.32,Cycling
-0.116,-1.02,-0.248,Cycling
-0.432,-0.92,-0.156,Cycling
0.084,-0.992,-0.332,Cycling
-0.192,-0.976,-0.272,Cycling
-0.1,-0.9,-0.28,Cycling
-0.168,-1.052,-0.28,Cycling
-0.064,-1.148,-0.308,Cycling
-0.224,-1.092,-0.116,Cycling
-0.14,-1.084,-0.208,Cycling
-0.18,-1.052,-0.128,Cycling
-0.004,-1,-0.364,Cycling
-0.1,-1.024,-0.116,Cycling
0.004,-1.284,-0.24,Cycling
-0.128,-0.904,-0.296,Cycling
-0.116,-0.832,-0.268,Cycling
-0.272,-0.94,-0.2,Cycling
0.152,-1.192,-0.284,Cycling
-0.396,-0.768,-0.164,Cycling
-0.552,-0.872,-0.292,Cycling
-0.348,-0.208,-0.484,Cycling
0.2,-0.756,-0.504,Cycling
0.164,-0.928,-0.384,Cycling
-0.7,-1.32,-0.144,Cycling
0.092,-1.252,-0.076,Cycling
-0.052,-0.904,-0.332,Cycling
0.12,-1.012,-0.024,Cycling
-0.16,-1.156,-0.16,Cycling
-0.008,-0.872,-0.116,Cycling
-0.32,-0.76,-0.244,Cycling
0.008,-1.024,-0.668,Cycling
0.06,-1.012,-0.552,Cycling
0.016,-0.88,-0.232,Cycling
0.14,-1.036,-0.06,Cycling
0.004,-0.76,-0.116,Cycling
0.052,-0.876,-0.476,Cycling
0.196,-0.956,-0.356,Cycling
0.128,-1.088,-0.144,Cycling
0.204,-0.94,-0.256,Cycling
0.12,-1.016,-0.748,Cycling
-0.004,-1.032,-0.52,Cycling
0.156,-1.172,-0.088,Cycling
0.172,-1.14,-0.388,Cycling
0.096,-1.088,-0.66,Cycling
0.188,-0.884,-0.42,Cycling
0.148,-1.028,-0.296,Cycling
0.292,-0.952,-0.408,Cycling
0.192,-0.732,-0.404,Cycling
0.172,-1.028,-0.28,Cycling
0.34,-1.192,-0.348,Cycling
0.176,-0.912,-0.508,Cycling
0.18,-1.088,-0.592,Cycling
0.276,-1.016,-0.256,Cycling
0.228,-0.916,-0.36,Cycling
0.008,-0.848,-0.532,Cycling
0.164,-0.848,-0.436,Cycling
0.388,-0.796,-0.364,Cycling
0.156,-0.84,-0.604,Cycling
0.156,-0.844,-0.492,Cycling
0.272,-0.868,-0.472,Cycling
0.18,-1.176,-0.492,Cycling
0.092,-0.62,-0.488,Cycling
0.076,-0.964,-0.472,Cycling
0.172,-0.992,-0.424,Cycling
0.284,-0.812,-0.508,Cycling
0.336,-0.948,-0.844,Cycling
0.264,-0.94,-0.512,Cycling
0.132,-1.12,-0.26,Cycling
0.232,-0.96,-0.54,Cycling
-0.004,-1.044,-0.62,Cycling
0.324,-0.86,-0.48,Cycling
0.316,-1.228,-0.524,Cycling
0.22,-0.988,-0.704,Cycling
0.16,-0.864,-0.664,Cycling
0.116,-1.064,-0.628,Cycling
0.22,-0.948,-0.332,Cycling
0.004,-1.084,-0.268,Cycling
0.104,-0.896,-0.508,Cycling
0.08,-0.812,-0.476,Cycling
0.168,-1.06,-0.292,Cycling
0.152,-0.988,-0.3,Cycling
-0.024,-0.828,-0.504,Cycling
0.12,-1.032,-0.52,Cycling
-0.1,-1.104,-0.208,Cycling
0.24,-0.96,-0.336,Cycling
0.056,-1.076,-0.324,Cycling
0.084,-0.908,-0.34,Cycling
0.132,-0.948,-0.616,Cycling
0.096,-0.952,-0.368,Cycling
0.128,-0.868,-0.3,Cycling
0.268,-1.024,-0.476,Cycling
0.16,-0.972,-0.516,Cycling
0.008,-0.848,-0.536,Cycling
0.092,-1.012,-0.296,Cycling
0.124,-0.976,-0.184,Cycling
0.032,-1.036,-0.284,Cycling
0.096,-0.944,-0.32,Cycling
0.212,-0.96,-0.5,Cycling
-0.032,-1.028,-0.348,Cycling
-0.096,-1.032,-0.184,Cycling
-0.056,-1.264,-0.164,Cycling
-0.068,-1.024,-0.276,Cycling
0.016,-0.652,-0.444,Cycling
0.088,-0.936,-0.336,Cycling
0.128,-1.092,-0.244,Cycling
0.096,-1.108,-0.4,Cycling
-0.192,-0.824,-0.396,Cycling
0.168,-0.96,-0.256,Cycling
0.176,-0.872,-0.228,Cycling
0.176,-0.976,-0.772,Cycling
0.076,-1.016,-0.448,Cycling
0.128,-1.28,-0.464,Cycling
-0.028,-1.008,-0.492,Cycling
-0.028,-0.8,-0.372,Cycling
0.04,-1.092,-0.24,Cycling
0.012,-1.056,-0.504,Cycling
-0.016,-0.788,-0.316,Cycling
0.228,-0.948,-0.244,Cycling
-0.004,-1.024,-0.52,Cycling
-0.084,-1,-0.228,Cycling
0.16,-1.072,-0.428,Cycling
0.02,-0.732,-0.56,Cycling
0.1,-1.136,-0.352,Cycling
0.012,-1.044,-0.472,Cycling
-0.048,-0.956,-0.388,Cycling
0.048,-0.868,-0.108,Cycling
0.24,-0.98,-0.532,Cycling
0.148,-1.48,-0.344,Cycling
0.128,-0.992,-0.348,Cycling
0.144,-0.904,-0.252,Cycling
0.204,-0.932,-0.152,Cycling
0.116,-0.816,-0.476,Cycling
0.188,-0.732,-0.284,Cycling
0.108,-0.836,-0.276,Cycling
0.492,-1.076,-0.688,Cycling
0.448,-1.172,-0.36,Cycling
0.116,-0.776,-0.288,Cycling
-0.108,-0.76,-0.412,Cycling
0.26,-1.108,-0.392,Cycling
0.04,-0.612,-0.26,Cycling
0.644,-1.14,-0.672,Cycling
0.276,-1.148,-0.372,Cycling
0.152,-1.12,-0.568,Cycling
0.188,-1.252,-0.432,Cycling
0.132,-1.12,-0.464,Cycling
0.056,-0.852,-0.504,Cycling
0.288,-0.888,-0.392,Cycling
0.084,-0.672,-0.212,Cycling
-0.028,-0.624,-0.368,Cycling
0.204,-1.024,-0.44,Cycling
0.148,-0.828,-0.344,Cycling
0.256,-0.768,-0.508,Cycling
0.092,-0.696,-0.276,Cycling
0.336,-1.34,-0.62,Cycling
0.288,-1,-0.672,Cycling
0.152,-0.692,-0.384,Cycling
0.184,-1.076,-0.364,Cycling
0.144,-1.152,-0.712,Cycling
0.068,-0.792,-0.44,Cycling
0.156,-0.86,-0.268,Cycling
0.14,-0.836,-0.492,Cycling
0.088,-0.824,-0.528,Cycling
0.188,-1.012,-0.368,Cycling
0.228,-0.828,-0.476,Cycling
0.18,-1.268,-0.608,Cycling
0.104,-1.316,-0.34,Cycling
0.18,-1.008,-0.384,Cycling
-0.032,-0.696,-0.496,Cycling
0.128,-1.112,-0.488,Cycling
0.228,-1.076,-0.344,Cycling
-0.024,-0.968,-0.448,Cycling
0.212,-1.032,-0.524,Cycling
0.072,-1.08,-0.244,Cycling
0.156,-1.028,-0.312,Cycling
0.076,-0.88,-0.504,Cycling
0.044,-1.092,-0.432,Cycling
0.096,-1.064,-0.208,Cycling
0.084,-0.968,-0.516,Cycling
0.004,-1.06,-0.488,Cycling
-0.032,-1.092,-0.348,Cycling
-0.108,-0.82,-0.248,Cycling
0.076,-1.096,-0.632,Cycling
0.008,-1.324,-0.136,Cycling
0.104,-0.936,-0.312,Cycling
-0.068,-0.676,-0.372,Cycling
0.204,-1.216,-0.368,Cycling
0.216,-0.644,-0.34,Cycling
-0.004,-1.1,-0.676,Cycling
0.052,-0.912,-0.264,Cycling
0.072,-0.848,-0.344,Cycling
0.12,-0.864,-0.408,Cycling
0.16,-1.02,-0.16,Cycling
0.188,-0.9,-0.448,Cycling
-0.144,-0.832,-0.48,Cycling
0.068,-1.14,-0.144,Cycling
0.228,-1.072,-0.396,Cycling
0.008,-0.892,-0.564,Cycling
0.26,-1.192,-0.292,Cycling
0.104,-1.12,-0.336,Cycling
0.088,-0.688,-0.388,Cycling
0.096,-1,-0.308,Cycling
0.028,-1.596,-0.372,Cycling
0.088,-1.096,-0.76,Cycling
0.084,-1.188,-0.384,Cycling
0.012,-1.072,-0.248,Cycling
0.072,-0.888,-0.556,Cycling
0.108,-1.028,-0.368,Cycling
0.1,-1.092,-0.232,Cycling
0.22,-1.112,-0.516,Cycling
0.048,-0.952,-0.556,Cycling
0.14,-0.768,-0.264,Cycling
0.1,-0.736,-0.428,Cycling
-0.008,-0.996,-0.596,Cycling
0.024,-1.136,-0.212,Cycling
0.068,-1.088,-0.592,Cycling
0.012,-1.04,-0.568,Cycling
0.304,-1.088,-0.348,Cycling
0.112,-0.94,-0.6,Cycling
-0.028,-1.076,-0.416,Cycling
0.08,-1.368,-0.312,Cycling
0.056,-1.012,-0.556,Cycling
0.152,-1.132,-0.524,Cycling
0.124,-1.1,-0.208,Cycling
0.176,-1.116,-0.612,Cycling
-0.076,-0.92,-0.48,Cycling
0.212,-1.1,-0.264,Cycling
0.064,-0.736,-0.472,Cycling
0.012,-0.892,-0.5,Cycling
0.168,-0.94,-0.232,Cycling
0.016,-1.06,-0.544,Cycling
0.192,-0.936,-0.336,Cycling
0.172,-1.224,-0.36,Cycling
0.184,-0.92,-0.584,Cycling
-0.032,-0.912,-0.364,Cycling
0.176,-0.996,-0.248,Cycling
-0.116,-0.68,-0.388,Cycling
0.056,-1.164,-0.4,Cycling
-0.024,-0.88,-0.256,Cycling
0.212,-1.184,-0.724,Cycling
0,-1.24,-0.16,Cycling
0.128,-1.048,-0.24,Cycling
0.028,-1.172,-0.616,Cycling
0.02,-1.02,-0.336,Cycling
0.204,-1.024,-0.316,Cycling
0.132,-1.288,-0.656,Cycling
0.208,-0.736,-0.332,Cycling
0.104,-0.852,-0.208,Cycling
0.024,-0.724,-0.512,Cycling
0.036,-0.988,-0.252,Cycling
0.208,-1.06,-0.256,Cycling
0.14,-1.004,-0.588,Cycling
0.068,-1.092,-0.5,Cycling
0.18,-1.048,-0.26,Cycling
0.228,-1.176,-0.428,Cycling
-0.024,-1.06,-0.512,Cycling
0.064,-1.016,-0.244,Cycling
0.024,-1.152,-0.312,Cycling
0.104,-1.02,-0.564,Cycling
0.188,-0.728,-0.528,Cycling
0.132,-0.892,-0.412,Cycling
0.1,-1.028,-0.396,Cycling
0.36,-1.38,-0.676,Cycling
0.04,-1.244,-0.176,Cycling
0.076,-0.876,-0.288,Cycling
0.028,-0.796,-0.408,Cycling
0.192,-1.044,-0.292,Cycling
-0.024,-0.776,-0.404,Cycling
0.18,-1.044,-0.38,Cycling
0.144,-0.828,-0.268,Cycling
0.104,-0.868,-0.456,Cycling
0.296,-1.164,-0.472,Cycling
0.112,-0.82,-0.404,Cycling
0.156,-1.02,-0.456,Cycling
0.108,-1.328,-0.404,Cycling
0.14,-0.908,-0.584,Cycling
0.128,-1.188,-0.256,Cycling
0.04,-0.8,-0.384,Cycling
0.304,-1.16,-0.368,Cycling
0.176,-1.028,-0.336,Cycling
0.06,-0.848,-0.468,Cycling
0.248,-0.984,-0.3,Cycling
0.292,-0.828,-0.544,Cycling
0.236,-0.876,-0.488,Cycling
0.156,-0.956,-0.26,Cycling
0.004,-0.86,-0.492,Cycling
0.116,-1.112,-0.316,Cycling
0.308,-1.112,-0.54,Cycling
0.192,-0.84,-0.38,Cycling
0.104,-1.124,-0.324,Cycling
0.216,-0.908,-0.444,Cycling
0.204,-1.34,-0.52,Cycling
0.152,-1.176,-0.568,Cycling
-0.06,-0.884,-0.296,Cycling
0.148,-1.16,-0.32,Cycling
0.072,-0.816,-0.624,Cycling
0.18,-1.248,-0.4,Cycling
0.1,-0.828,-0.344,Cycling
0.076,-0.944,-0.6,Cycling
0.304,-0.988,-0.464,Cycling
0.344,-0.72,-0.432,Cycling
0.352,-0.912,-0.656,Cycling
0.036,-0.396,0,Cycling
0.096,-0.944,-0.604,Cycling
-0.072,-0.916,-0.348,Cycling
0.02,-1.208,-0.312,Cycling
0.028,-0.9,-0.516,Cycling
0.244,-0.764,-0.432,Cycling
0.332,-1.284,-0.408,Cycling
0.044,-1.012,-0.32,Cycling
0.184,-1.092,-0.664,Cycling
0.144,-1.028,-0.308,Cycling
0.092,-1.02,-0.252,Cycling
0.064,-0.612,-0.432,Cycling
0.232,-1.196,-0.484,Cycling
0.112,-1.028,-0.216,Cycling
0.192,-0.964,-0.44,Cycling
0.132,-0.812,-0.46,Cycling
0.088,-1.152,-0.452,Cycling
-0.008,-0.86,-0.432,Cycling
0.112,-1.148,-0.324,Cycling
0.052,-0.892,-0.444,Cycling
0.128,-1.052,-0.372,Cycling
0.068,-1.024,-0.464,Cycling
0.192,-0.996,-0.408,Cycling
0.244,-0.992,-0.34,Cycling
0.128,-0.868,-0.564,Cycling
0.224,-1.024,-0.432,Cycling
0.144,-0.968,-0.512,Cycling
0.26,-0.988,-0.468,Cycling
-0.196,-1.132,-0.408,Cycling
-0.268,-1.16,0.068,Cycling
-0.2,-0.956,-0.008,Cycling
-0.092,-0.924,-0.004,Cycling
-0.248,-1.408,0.184,Cycling
-0.292,-1.244,0.08,Cycling
-0.044,-1.1,-0.04,Cycling
-0.152,-1.284,-0.072,Cycling
-0.048,-1.356,0.036,Cycling
-0.044,-1.264,0.096,Cycling
-0.24,-1.18,0.148,Cycling
-0.176,-1.076,-0.052,Cycling
-0.18,-1.084,-0.068,Cycling
0.008,-0.952,-0.088,Cycling
-0.072,-0.796,-0.056,Cycling
-0.252,-0.94,0.024,Cycling
-0.204,-1.02,-0.08,Cycling
-0.104,-1.108,-0.092,Cycling
-0.296,-0.972,0.064,Cycling
-0.248,-1.212,0.072,Cycling
-0.116,-1.156,-0.076,Cycling
-0.264,-1,-0.148,Cycling
-0.432,-1.152,0.02,Cycling
-0.224,-1.028,0.032,Cycling
-0.284,-1.164,0.004,Cycling
-0.224,-0.704,-0.104,Cycling
-0.244,-0.996,0.02,Cycling
-0.3,-1.12,0.112,Cycling
-0.384,-1.008,-0.024,Cycling
-0.212,-1.064,-0.076,Cycling
-0.392,-1.52,0.16,Cycling
-0.308,-1.04,0.064,Cycling
-0.252,-1.068,-0.048,Cycling
-0.184,-0.868,-0.052,Cycling
-0.228,-1.132,0.108,Cycling
-0.088,-1.06,0.004,Cycling
-0.236,-0.748,-0.032,Cycling
-0.192,-1.276,0.1,Cycling
-0.284,-1.1,0.164,Cycling
-0.176,-1.06,-0.016,Cycling
-0.316,-0.936,-0.148,Cycling
-0.18,-0.896,0.028,Cycling
-0.264,-0.98,0.136,Cycling
-0.156,-1.136,-0.008,Cycling
-0.14,-0.924,-0.092,Cycling
-0.228,-1.06,-0.068,Cycling
-0.348,-0.936,-0.024,Cycling
-0.304,-1.04,0.032,Cycling
-0.34,-1,0.016,Cycling
-0.316,-1.016,0.012,Cycling
-0.504,-1.164,0.052,Cycling
-0.184,-1.032,0.028,Cycling
-0.212,-0.932,0.064,Cycling
-0.136,-0.968,-0.036,Cycling
-0.224,-0.864,-0.148,Cycling
-0.264,-1.092,-0.036,Cycling
-0.4,-1.368,0.188,Cycling
-0.344,-1.46,0.1,Cycling
-0.196,-1.012,-0.04,Cycling
-0.224,-0.984,-0.028,Cycling
-0.316,-0.952,0.004,Cycling
-0.256,-0.828,0.012,Cycling
-0.152,-0.78,-0.048,Cycling
-0.076,-1.148,0.044,Cycling
-0.352,-1.028,0.052,Cycling
-0.304,-1.02,0.076,Cycling
-0.224,-1.184,0.076,Cycling
-0.352,-1.128,0.02,Cycling
-0.344,-0.776,-0.024,Cycling
-0.352,-1,0.08,Cycling
-0.212,-0.824,0.052,Cycling
-0.344,-0.844,-0.084,Cycling
-0.144,-1.032,-0.1,Cycling
-0.132,-1.316,0.164,Cycling
-0.268,-1.128,0.028,Cycling
-0.232,-0.888,-0.04,Cycling
-0.34,-0.964,0.008,Cycling
-0.188,-1.096,0.048,Cycling
-0.252,-0.928,0.016,Cycling
-0.276,-0.976,-0.124,Cycling
-0.256,-0.952,0.004,Cycling
-0.28,-0.84,0.04,Cycling
-0.256,-1.024,-0.028,Cycling
-0.092,-0.776,-0.144,Cycling
-0.192,-1.408,0.084,Cycling
-0.136,-0.82,-0.04,Cycling
-0.244,-1.036,-0.08,Cycling
-0.308,-1.24,-0.076,Cycling
-0.124,-0.856,0.036,Cycling
-0.24,-1.036,0.06,Cycling
-0.308,-0.88,0.024,Cycling
-0.416,-0.868,-0.056,Cycling
-0.336,-0.796,-0.056,Cycling
-0.44,-1.14,0.128,Cycling
-0.416,-1.3,-0.096,Cycling
-0.328,-0.868,-0.164,Cycling
-0.212,-0.892,0.06,Cycling
-0.144,-0.888,0.012,Cycling
-0.344,-1.272,-0.008,Cycling
-0.088,-0.948,0.028,Cycling
-0.324,-1.308,0.268,Cycling
-0.14,-1.144,0.024,Cycling
-0.132,-1.112,0.06,Cycling
0.104,-0.788,-0.084,Cycling
-0.144,-1.364,0.28,Cycling
-0.116,-0.636,-0.08,Cycling
-0.28,-1.268,-0.068,Cycling
-0.296,-1.264,0.192,Cycling
-0.324,-1.056,0,Cycling
-0.288,-0.932,0.032,Cycling
-0.084,-1.012,-0.048,Cycling
-0.256,-1.152,0.024,Cycling
-0.164,-0.804,0.012,Cycling
-0.232,-0.92,-0.056,Cycling
-0.356,-1.008,-0.112,Cycling
-0.288,-0.892,0.032,Cycling
-0.188,-0.768,-0.036,Cycling
-0.22,-1.044,0.06,Cycling
-0.424,-1.172,0.056,Cycling
-0.136,-0.944,0.052,Cycling
-0.164,-0.924,0.004,Cycling
-0.16,-1.704,0.18,Cycling
-0.388,-1.116,-0.084,Cycling
-0.12,-1.172,0,Cycling
-0.26,-1.252,0.12,Cycling
-0.2,-1.128,-0.024,Cycling
-0.392,-0.932,0.004,Cycling
-0.172,-1.132,-0.248,Cycling
-0.32,-0.796,-0.012,Cycling
-0.22,-1.18,0.104,Cycling
-0.264,-0.808,-0.064,Cycling
0.16,-1.352,-0.224,Cycling
-0.24,-1.196,0.1,Cycling
-0.268,-0.924,0.028,Cycling
-0.264,-0.848,-0.048,Cycling
-0.108,-1.232,-0.152,Cycling
-0.264,-1.384,0.184,Cycling
-0.344,-0.732,0.008,Cycling
-0.196,-0.54,-0.116,Cycling
-0.324,-1.12,0.02,Cycling
-0.2,-0.888,0.068,Cycling
-0.14,-1.124,0.092,Cycling
-0.28,-1.404,0.072,Cycling
-0.248,-1.156,0.008,Cycling
-0.284,-1.32,0.196,Cycling
-0.16,-0.952,0.032,Cycling
-0.332,-1.212,0.02,Cycling
-0.264,-1.164,0.036,Cycling
-0.34,-0.816,0.028,Cycling
-0.26,-0.772,-0.008,Cycling
-0.296,-0.8,-0.032,Cycling
-0.248,-0.812,0.116,Cycling
-0.236,-0.968,0.072,Cycling
-0.292,-0.928,0.064,Cycling
-0.256,-0.776,-0.128,Cycling
-0.224,-1.056,-0.052,Cycling
-0.392,-1.624,0.376,Cycling
-0.272,-1.096,0.176,Cycling
-0.12,-1.016,0.048,Cycling
-0.232,-0.836,-0.008,Cycling
-0.508,-1.504,0.248,Cycling
-0.232,-1.028,0.024,Cycling
-0.26,-1.024,0.032,Cycling
-0.284,-1.04,0.08,Cycling
-0.368,-0.98,0.084,Cycling
-0.164,-1.436,0.128,Cycling
-0.08,-0.644,-0.104,Cycling
-0.24,-1.312,-0.004,Cycling
-0.388,-0.984,0.068,Cycling
-0.164,-1.268,0.128,Cycling
-0.236,-0.976,0,Cycling
-0.328,-1.012,0.012,Cycling
-0.38,-0.944,0.176,Cycling
-0.296,-1.024,0.104,Cycling
-0.188,-1.464,0.108,Cycling
-0.252,-1.028,-0.06,Cycling
-0.22,-0.844,0.02,Cycling
-0.244,-0.952,0.096,Cycling
-0.268,-0.844,-0.036,Cycling
-0.172,-0.932,-0.072,Cycling
-0.224,-0.98,0.072,Cycling
-0.3,-0.98,0.028,Cycling
-0.24,-0.936,0,Cycling
-0.188,-1.092,-0.104,Cycling
-0.292,-1.316,0.152,Cycling
-0.372,-1.076,0.132,Cycling
-0.316,-0.924,0.008,Cycling
-0.192,-0.812,-0.044,Cycling
-0.368,-0.976,0.076,Cycling
-0.252,-1.256,0.14,Cycling
-0.304,-0.92,-0.076,Cycling
-0.452,-1.172,0.032,Cycling
-0.168,-0.768,0.068,Cycling
-0.304,-0.832,0.012,Cycling
-0.356,-0.964,0.12,Cycling
-0.244,-0.952,0.072,Cycling
-0.412,-1.108,0.044,Cycling
-0.264,-1.056,-0.016,Cycling
-0.332,-0.972,0.028,Cycling
-0.416,-1.012,0.16,Cycling
-0.296,-0.928,0.068,Cycling
-0.232,-1.112,-0.008,Cycling
-0.228,-0.9,-0.076,Cycling
-0.256,-1.04,0.044,Cycling
-0.2,-0.816,0.012,Cycling
-0.508,-0.924,0.192,Cycling
-0.244,-1.2,0.012,Cycling
-0.172,-1.048,-0.056,Cycling
-0.264,-0.988,0.004,Cycling
-0.332,-1.152,0.192,Cycling
-0.392,-1.016,0.128,Cycling
-0.412,-0.888,0.036,Cycling
-0.336,-0.94,-0.132,Cycling
-0.368,-1.144,0.204,Cycling
-0.228,-1.012,0.076,Cycling
-0.244,-0.972,-0.148,Cycling
-0.164,-0.832,-0.128,Cycling
-0.364,-0.892,-0.044,Cycling
-0.46,-1.012,0.068,Cycling
-0.252,-0.692,-0.084,Cycling
-0.152,-1.048,-0.1,Cycling
-0.36,-1.048,0.1,Cycling
-0.4,-1.092,0.172,Cycling
-0.28,-1.324,0.084,Cycling
-0.248,-0.98,-0.016,Cycling
-0.248,-0.924,0,Cycling
-0.252,-0.948,0.128,Cycling
-0.328,-1.068,0.12,Cycling
-0.22,-1.068,-0.02,Cycling
-0.316,-1.048,0.124,Cycling
-0.356,-1.072,0.084,Cycling
-0.336,-0.848,0,Cycling
-0.096,-0.78,-0.096,Cycling
-0.312,-1.032,0.16,Cycling
-0.228,-0.936,0.08,Cycling
-0.388,-0.892,0,Cycling
-0.388,-0.996,0.008,Cycling
-0.4,-0.94,0.036,Cycling
-0.336,-1.04,0.06,Cycling
-0.204,-0.928,-0.06,Cycling
-0.264,-1.024,0.056,Cycling
-0.304,-1.204,0.192,Cycling
-0.344,-0.984,-0.012,Cycling
-0.284,-1.268,-0.08,Cycling
-0.192,-0.884,0.036,Cycling
-0.348,-1.332,0.212,Cycling
-0.404,-1.004,-0.104,Cycling
-0.344,-0.992,-0.036,Cycling
-0.236,-1.012,0.096,Cycling
-0.26,-1.004,0.04,Cycling
-0.408,-1.184,-0.024,Cycling
-0.42,-0.668,0.008,Cycling
-0.196,-1.04,0.108,Cycling
-0.212,-0.98,0,Cycling
-0.152,-0.964,-0.052,Cycling
-0.128,-1.196,0.164,Cycling
-0.124,-1.224,0.088,Cycling
-0.472,-1.056,-0.052,Cycling
-0.292,-1.008,-0.06,Cycling
-0.312,-1.78,0.288,Cycling
-0.212,-0.968,0.036,Cycling
-0.16,-1.032,0.056,Cycling
-0.196,-0.984,-0.052,Cycling
-0.332,-0.836,0.172,Cycling
-0.396,-1.02,0.072,Cycling
-0.32,-0.868,0.04,Cycling
-0.228,-0.804,0.048,Cycling
-0.412,-0.636,-0.076,Cycling
-0.384,-1.14,0.04,Cycling
-0.34,-0.992,0.044,Cycling
-0.328,-0.952,0.04,Cycling
-0.352,-1.032,0.128,Cycling
-0.144,-1.012,0.08,Cycling
-0.384,-0.772,0.104,Cycling
-0.384,-1.188,0.144,Cycling
-0.288,-0.94,-0.052,Cycling
-0.26,-1.156,0.128,Cycling
-0.18,-1.172,-0.056,Cycling
-0.276,-0.812,-0.016,Cycling
-0.424,-0.904,-0.016,Cycling
-0.372,-1.54,0.128,Cycling
-0.404,-1.28,0.076,Cycling
-0.224,-1.108,-0.068,Cycling
-0.276,-1.248,-0.164,Cycling
-0.276,-1.024,0.14,Cycling
-0.304,-1.168,0.08,Cycling
-0.32,-0.972,0.048,Cycling
-0.38,-0.996,-0.14,Cycling
-0.492,-1.064,0.012,Cycling
-0.312,-0.528,-0.02,Cycling
-0.332,-1.264,0.196,Cycling
-0.268,-1.3,0.136,Cycling
-0.316,-0.988,0.076,Cycling
-0.368,-1.032,0.104,Cycling
-0.308,-1.496,0.212,Cycling
-0.22,-1.444,0.084,Cycling
-0.224,-0.824,-0.016,Cycling
-0.208,-0.796,-0.04,Cycling
-0.316,-1.076,0.036,Cycling
-0.532,-0.852,0.06,Cycling
-0.248,-0.944,-0.24,Cycling
-0.456,-1.024,0.14,Cycling
-0.132,-0.988,0.288,Cycling
-0.2,-1.296,0.036,Cycling
-0.128,-0.964,-0.124,Cycling
-0.2,-1.196,0.116,Cycling
-0.188,-1.024,0.084,Cycling
-0.076,-1.228,0.116,Cycling
-0.236,-1.024,0.108,Cycling
-0.112,-0.948,0.132,Cycling
-0.18,-0.98,0.192,Cycling
-0.004,-1.1,0.144,Cycling
-0.104,-0.928,0.032,Cycling
-0.232,-0.996,0.064,Cycling
-0.156,-1.036,0.072,Cycling
-0.272,-0.832,0.128,Cycling
-0.152,-0.908,0.148,Cycling
-0.236,-1.24,0.204,Cycling
-0.244,-1.028,0.136,Cycling
-0.164,-1.088,0.176,Cycling
-0.336,-0.972,0.18,Cycling
-0.256,-1.096,0.16,Cycling
-0.272,-0.932,0.096,Cycling
-0.012,-1.132,0.176,Cycling
-0.272,-1.216,0.292,Cycling
-0.176,-1.076,0.172,Cycling
-0.26,-0.976,0.116,Cycling
-0.18,-0.908,0.04,Cycling
-0.244,-0.932,0.08,Cycling
-0.252,-0.952,0.168,Cycling
-0.324,-0.784,0.148,Cycling
-0.248,-0.592,-0.016,Cycling
-0.268,-0.876,0.028,Cycling
-0.348,-0.66,-0.012,Cycling
-0.34,-1.056,0.216,Cycling
-0.224,-0.916,0.124,Cycling
-0.296,-0.712,0.008,Cycling
-0.308,-0.772,-0.044,Cycling
-0.232,-1.004,0.096,Cycling
-0.22,-1.248,0.256,Cycling
-0.268,-1.108,0.1,Cycling
-0.26,-0.748,-0.076,Cycling
-0.316,-0.708,0.004,Cycling
-0.28,-0.912,0.104,Cycling
-0.276,-1.148,0.168,Cycling
-0.22,-0.992,0.084,Cycling
-0.252,-1.112,0.128,Cycling
-0.344,-1.08,0.16,Cycling
-0.212,-0.892,0.128,Cycling
-0.304,-0.992,0.052,Cycling
-0.272,-0.84,0.016,Cycling
-0.332,-0.692,0,Cycling
-0.328,-0.94,0.192,Cycling
-0.124,-1,0.136,Cycling
-0.316,-0.928,0.052,Cycling
-0.18,-1.072,0.124,Cycling
-0.332,-0.868,0.104,Cycling
-0.2,-0.772,0.088,Cycling
-0.316,-0.756,-0.068,Cycling
-0.444,-1.56,0.296,Cycling
-0.24,-0.784,0,Cycling
-0.292,-0.3,-0.156,Cycling
-0.476,-1.008,0.06,Cycling
-0.152,-0.988,0.112,Cycling
-0.076,-1.428,0.468,Cycling
-0.492,-1.212,0.16,Cycling
-0.248,-1.02,0.216,Cycling
-0.364,-0.752,0.032,Cycling
-0.248,-1.528,0.372,Cycling
-0.124,-0.824,0.056,Cycling
-0.192,-1.16,0.22,Cycling
-0.26,-1.04,0.204,Cycling
-0.404,-1.068,0.148,Cycling
-0.392,-0.764,-0.056,Cycling
-0.328,-1.068,0.1,Cycling
-0.368,-1.092,0.236,Cycling
-0.304,-1.116,0.232,Cycling
-0.208,-0.692,0.02,Cycling
-0.56,-1.312,0.236,Cycling
-0.452,-0.6,0.024,Cycling
-0.18,-1.196,0.276,Cycling
-0.364,-0.964,0.22,Cycling
-0.564,-0.952,0.108,Cycling
-0.284,-0.88,0.18,Cycling
-0.344,-1.064,0.228,Cycling
-0.304,-1.016,0.056,Cycling
-0.26,-1.052,0.08,Cycling
-0.296,-0.972,0.2,Cycling
-0.144,-1.26,0.228,Cycling
-0.236,-1.06,0.036,Cycling
-0.132,-0.9,0.136,Cycling
-0.256,-0.96,0.144,Cycling
-0.272,-0.936,0.048,Cycling
-0.312,-0.992,0.164,Cycling
-0.216,-1.128,0.236,Cycling
-0.256,-0.82,0.092,Cycling
-0.432,-0.948,0.1,Cycling
-0.272,-0.364,-0.124,Cycling
-0.208,-1.112,0.312,Cycling
-0.22,-0.94,0.18,Cycling
-0.2,-1.328,0.312,Cycling
-0.236,-1.128,0.216,Cycling
-0.212,-1,0.16,Cycling
-0.416,-1.032,0.044,Cycling
-0.268,-0.92,0.044,Cycling
-0.24,-0.924,0.112,Cycling
-0.276,-0.892,0.136,Cycling
-0.364,-1.1,0.212,Cycling
-0.172,-0.792,0.076,Cycling
-0.264,-1.14,0.188,Cycling
-0.404,-1.088,0.264,Cycling
-0.292,-0.844,0.2,Cycling
-0.296,-1.088,0.192,Cycling
-0.304,-1.12,0.212,Cycling
-0.16,-0.932,0.172,Cycling
-0.388,-1.028,0.272,Cycling
-0.208,-0.816,0.096,Cycling
-0.244,-1.26,0.184,Cycling
-0.088,-0.712,0.06,Cycling
-0.22,-1.02,0.156,Cycling
-0.248,-1.044,0.096,Cycling
-0.488,-1.032,0.152,Cycling
-0.356,-0.936,0.08,Cycling
-0.212,-1.064,0.088,Cycling
-0.372,-1.308,0.208,Cycling
-0.316,-1,0.06,Cycling
-0.352,-1.012,0.256,Cycling
-0.232,-0.912,0.196,Cycling
-0.256,-0.996,0.256,Cycling
-0.42,-1.172,0.268,Cycling
-0.248,-1.076,0.124,Cycling
-0.368,-1.112,0.232,Cycling
-0.24,-0.784,0.008,Cycling
-0.3,-0.852,0.012,Cycling
-0.404,-0.66,-0.032,Cycling
-0.412,-0.984,0.228,Cycling
-0.204,-1,0.24,Cycling
-0.256,-0.964,0.076,Cycling
-0.208,-0.888,0.044,Cycling
-0.184,-1.008,0.152,Cycling
-0.308,-1.032,0.268,Cycling
-0.36,-1.132,0.232,Cycling
-0.344,-1.064,0.14,Cycling
-0.316,-0.876,0.08,Cycling
-0.232,-1.068,0.264,Cycling
-0.22,-1.008,0.192,Cycling
-0.188,-0.92,0.072,Cycling
-0.256,-0.972,0.152,Cycling
-0.256,-0.984,0.2,Cycling
-0.128,-0.848,0.048,Cycling
-0.308,-1.112,0.124,Cycling
-0.36,-1.192,0.136,Cycling
-0.292,-1.108,0.108,Cycling
0.056,-0.516,-0.052,Cycling
-0.028,-1.1,-0.06,Cycling
0.096,-1.248,0.152,Cycling
-0.172,-0.872,0.088,Cycling
-0.288,-0.776,-0.092,Cycling
-0.248,-1.136,0.232,Cycling
-0.224,-0.872,0.12,Cycling
-0.256,-0.888,0.116,Cycling
-0.28,-0.968,0.1,Cycling
-0.184,-1.02,0.196,Cycling
-0.32,-0.792,0.068,Cycling
-0.372,-0.792,0.152,Cycling
-0.32,-1.12,0.24,Cycling
-0.324,-1.044,0.132,Cycling
-0.324,-1.028,0.128,Cycling
-0.456,-0.952,0.16,Cycling
-0.272,-0.984,0.188,Cycling
-0.312,-0.82,0.164,Cycling
-0.248,-1.076,0.216,Cycling
-0.324,-0.992,0.156,Cycling
-0.268,-0.984,0.224,Cycling
-0.256,-1.06,0.252,Cycling
-0.288,-1.1,0.232,Cycling
-0.336,-0.956,0.112,Cycling
-0.348,-1.044,0.148,Cycling
-0.336,-1.088,0.296,Cycling
-0.212,-0.964,0.02,Cycling
-0.124,-1.024,0.208,Cycling
-0.24,-0.9,0.148,Cycling
-0.32,-1.048,0.18,Cycling
-0.468,-0.56,0.06,Cycling
-0.248,-0.688,0.012,Cycling
-0.376,-0.7,0.092,Cycling
-0.292,-1.052,0.188,Cycling
-0.26,-1.056,0.176,Cycling
-0.508,-1.424,0.452,Cycling
-0.428,-1.088,0.256,Cycling
-0.308,-0.972,0.176,Cycling
-0.084,-0.752,0.116,Cycling
-0.312,-1.356,0.336,Cycling
-0.224,-1.048,0.184,Cycling
-0.32,-0.896,0.184,Cycling
-0.308,-1.224,0.284,Cycling
-0.224,-0.868,0.144,Cycling
-0.244,-0.664,0.02,Cycling
-0.412,-1.176,0.18,Cycling
-0.216,-0.952,0.172,Cycling
-0.18,-0.904,0.192,Cycling
-0.232,-1.124,0.192,Cycling
-0.176,-1.096,0.244,Cycling
-0.276,-1.02,0.148,Cycling
-0.256,-0.92,0.004,Cycling
-0.32,-1.288,0.48,Cycling
-0.244,-0.776,0,Cycling
-0.26,-1.012,0.224,Cycling
-0.216,-0.96,0.2,Cycling
-0.352,-0.984,0.276,Cycling
-0.204,-0.724,0.12,Cycling
-0.248,-1.12,0.28,Cycling
-0.472,-1.052,0.228,Cycling
-0.2,-0.808,0.072,Cycling
-0.164,-1.028,0.304,Cycling
-0.312,-0.816,0.016,Cycling
-0.092,-0.828,0.204,Cycling
-0.204,-0.84,0.128,Cycling
-0.196,-0.76,0.152,Cycling
-0.544,-1.104,0.176,Cycling
-0.32,-0.944,0.188,Cycling
-0.288,-1.104,0.176,Cycling
-0.084,-0.852,0.172,Cycling
-0.236,-0.916,0.188,Cycling
-0.368,-0.896,0.136,Cycling
-0.284,-1.048,0.188,Cycling
-0.34,-0.884,0.072,Cycling
-0.244,-0.748,0.056,Cycling
-0.42,-1.096,0.196,Cycling
-0.28,-0.92,0.152,Cycling
-0.26,-0.604,-0.012,Cycling
-0.232,-1.068,0.084,Cycling
-0.144,-0.484,-0.048,Cycling
-0.156,-0.9,0.124,Cycling
-0.132,-1.148,0.276,Cycling
-0.24,-1.04,0.156,Cycling
-0.324,-0.844,0.164,Cycling
-0.268,-0.552,-0.044,Cycling
-0.228,-1.052,0.152,Cycling
-0.304,-1.232,0.304,Cycling
-0.248,-0.728,0.112,Cycling
-0.26,-0.76,0.028,Cycling
-0.292,-0.944,0.084,Cycling
-0.34,-0.936,0.068,Cycling
-0.44,-1.136,0.208,Cycling
-0.3,-0.948,0.092,Cycling
-0.208,-0.872,0.156,Cycling
-0.292,-1.164,0.22,Cycling
-0.34,-0.892,0.18,Cycling
-0.4,-0.728,-0.02,Cycling
-0.188,-1.112,0.148,Cycling
-0.256,-1.052,0.216,Cycling
-0.26,-0.944,0.144,Cycling
-0.284,-1.252,0.268,Cycling
-0.332,-0.984,0.172,Cycling
-0.228,-0.64,0.044,Cycling
-0.216,-1.068,0.152,Cycling
-0.112,-0.92,0.04,Cycling
-0.06,-1.012,0.18,Cycling
-0.268,-1.08,0.204,Cycling
-0.268,-0.828,0.004,Cycling
-0.044,-0.984,0.12,Cycling
-0.18,-1.104,0.252,Cycling
-0.26,-0.968,0.088,Cycling
-0.144,-1.472,0.452,Cycling
-0.392,-1.064,0.204,Cycling
-0.276,-1.088,0.212,Cycling
-0.276,-1.168,0.156,Cycling
-0.276,-0.912,0.092,Cycling
-0.468,-1.124,0.148,Cycling
-0.24,-0.928,0.176,Cycling
-0.368,-0.84,0.052,Cycling
-0.184,-0.992,0.196,Cycling
-0.312,-0.664,0.088,Cycling
-0.444,-1.196,0.192,Cycling
-0.196,-1.008,0.18,Cycling
-0.296,-0.852,0.08,Cycling
-0.272,-1.132,0.236,Cycling
-0.232,-0.772,0.012,Cycling
-0.196,-0.792,0.148,Cycling
-0.316,-1.172,0.312,Cycling
-0.356,-0.96,0.108,Cycling
-0.248,-0.732,0.072,Cycling
-0.456,-1.372,0.284,Cycling
-0.284,-1.096,0.248,Cycling
-0.444,-1.204,0.264,Cycling
-0.388,-1.156,0.268,Cycling
-0.264,-0.996,0.208,Cycling
-0.32,-0.792,-0.012,Cycling
-0.196,-1.004,0.144,Cycling
-0.32,-0.92,0.144,Cycling
-0.36,-1.232,0.304,Cycling
-0.284,-0.964,0.1,Cycling
-0.34,-0.992,0.056,Cycling
-0.092,-1.036,0.1,Cycling
-0.452,-1.308,0.24,Cycling
-0.368,-0.836,-0.04,Cycling
-0.292,-0.984,0.092,Cycling
-0.368,-0.76,0.056,Cycling
-0.136,-0.896,0.064,Cycling
-0.188,-1.012,0.14,Cycling
-0.072,-1.152,-0.404,Cycling
-0.264,-0.764,-0.248,Cycling
-0.168,-0.86,-0.272,Cycling
-0.164,-1.012,-0.172,Cycling
0.008,-1.344,-0.356,Cycling
-0.216,-1.04,-0.216,Cycling
-0.136,-0.936,-0.284,Cycling
-0.1,-1.264,-0.38,Cycling
-0.048,-0.864,-0.368,Cycling
-0.192,-1.096,-0.272,Cycling
-0.136,-1.176,-0.368,Cycling
-0.204,-0.96,-0.328,Cycling
-0.208,-1.036,-0.248,Cycling
-0.144,-0.892,-0.26,Cycling
-0.12,-0.824,-0.3,Cycling
-0.196,-1.176,-0.272,Cycling
-0.24,-1.032,-0.24,Cycling
-0.136,-1.092,-0.324,Cycling
-0.276,-1.048,-0.316,Cycling
-0.08,-0.948,-0.124,Cycling
-0.132,-0.948,-0.24,Cycling
-0.196,-0.96,-0.336,Cycling
-0.088,-0.924,-0.34,Cycling
-0.352,-0.968,-0.256,Cycling
-0.3,-1.132,-0.264,Cycling
-0.036,-1.124,-0.272,Cycling
0.14,-0.96,-0.192,Cycling
-0.064,-1.032,-0.336,Cycling
-0.028,-0.972,-0.376,Cycling
-0.336,-0.996,-0.156,Cycling
-0.084,-1.084,-0.264,Cycling
0.3,-1.072,-0.296,Cycling
-0.144,-0.98,-0.136,Cycling
-0.048,-1.232,-0.296,Cycling
-0.168,-0.66,-0.288,Cycling
-0.116,-0.964,-0.288,Cycling
-0.044,-1.096,-0.248,Cycling
-0.192,-1.164,-0.356,Cycling
-0.212,-0.68,-0.292,Cycling
-0.12,-0.972,-0.256,Cycling
-0.072,-1.24,-0.252,Cycling
-0.028,-0.772,-0.268,Cycling
0.116,-1.516,-0.352,Cycling
0.008,-0.852,-0.104,Cycling
0.236,-0.672,-0.544,Cycling
0.132,-1.512,-0.348,Cycling
0.04,-0.944,-0.272,Cycling
0.156,-0.968,-0.24,Cycling
0.092,-0.804,-0.444,Cycling
0.38,-1.036,-0.408,Cycling
0.336,-1.072,-0.352,Cycling
0.124,-0.996,-0.356,Cycling
0.052,-0.816,-0.384,Cycling
0.192,-0.964,-0.332,Cycling
0.152,-0.892,-0.28,Cycling
0.392,-0.912,-0.48,Cycling
0.18,-1.028,-0.344,Cycling
0.216,-0.964,-0.384,Cycling
0.14,-1.156,-0.38,Cycling
0.236,-0.88,-0.316,Cycling
0.252,-0.976,-0.296,Cycling
0.068,-1.056,-0.42,Cycling
0.204,-1.036,-0.372,Cycling
0.12,-0.872,-0.124,Cycling
0.004,-1.1,-0.304,Cycling
0.212,-1.512,-0.412,Cycling
0.384,-1.512,-0.2,Cycling
0.088,-1.048,-0.324,Cycling
0.008,-0.852,-0.268,Cycling
0.588,-2.048,0.108,Cycling
0.036,-1.012,-0.2,Cycling
0.26,-1.356,-0.412,Cycling
0.004,-0.936,-0.232,Cycling
-0.088,-0.836,-0.188,Cycling
-0.036,-0.824,-0.356,Cycling
0.068,-1.02,-0.228,Cycling
0,-0.956,-0.244,Cycling
0,-0.84,-0.364,Cycling
0.028,-0.916,-0.268,Cycling
0.096,-1.184,-0.188,Cycling
-0.136,-0.036,-0.136,Cycling
0.24,-1.452,-0.252,Cycling
0.18,-1.46,-0.192,Cycling
-0.084,-1.284,-0.408,Cycling
0.188,-1.416,-0.3,Cycling
0.064,-0.924,-0.196,Cycling
0.1,-1.248,-0.372,Cycling
0.04,-1.264,-0.168,Cycling
0.008,-1.228,-0.172,Cycling
-0.064,-0.996,-0.404,Cycling
0.14,-1.18,-0.276,Cycling
-0.068,-1.084,-0.16,Cycling
0.028,-1.424,-0.392,Cycling
0.14,-1.104,-0.376,Cycling
0.012,-1.164,-0.236,Cycling
0.156,-0.724,-0.22,Cycling
0.276,-1.196,-0.572,Cycling
-0.044,-0.64,-0.064,Cycling
0.244,-0.88,-0.272,Cycling
0.264,-0.76,-0.272,Cycling
-0.076,-0.736,-0.168,Cycling
-0.04,-0.868,-0.192,Cycling
0.164,-1.14,-0.4,Cycling
0.116,-1.084,-0.232,Cycling
0.14,-1.28,-0.212,Cycling
-0.04,-1.048,-0.356,Cycling
0.032,-1.064,-0.204,Cycling
-0.396,-1.468,-0.12,Cycling
-0.14,-1.14,-0.16,Cycling
-0.052,-0.98,-0.128,Cycling
-0.096,-0.592,-0.088,Cycling
0.08,-0.884,-0.248,Cycling
0.032,-0.884,-0.324,Cycling
0.096,-1.244,-0.408,Cycling
-0.004,-1.04,-0.324,Cycling
0.088,-0.496,-0.26,Cycling
-0.124,-0.728,-0.164,Cycling
-0.06,-0.836,-0.188,Cycling
-0.124,-1.484,-0.456,Cycling
-0.176,-1.036,-0.244,Cycling
-0.136,-0.832,-0.284,Cycling
0.048,-0.364,-0.212,Cycling
-0.032,-0.736,-0.268,Cycling
0.056,-1.248,-0.312,Cycling
-0.192,-1.032,-0.14,Cycling
-0.016,-1.18,-0.112,Cycling
0.108,-0.92,-0.268,Cycling
0.22,-1.364,-0.32,Cycling
0.104,-1.096,-0.252,Cycling
-0.076,-0.88,-0.144,Cycling
-0.196,-1.104,-0.26,Cycling
0.208,-1.168,-0.292,Cycling
-0.08,-0.916,-0.224,Cycling
0.336,-1.028,-0.24,Cycling
-0.004,-1.868,0.016,Cycling
0.14,-0.948,-0.296,Cycling
-0.144,-0.828,-0.18,Cycling
0.052,-0.864,-0.176,Cycling
0.004,-0.788,-0.224,Cycling
0.176,-1.076,-0.292,Cycling
0.016,-0.904,-0.168,Cycling
-0.016,-0.944,-0.308,Cycling
0.216,-1.08,-0.236,Cycling
0.064,-1.052,-0.12,Cycling
-0.124,-1.388,-0.324,Cycling
0.2,-1.112,-0.26,Cycling
-0.004,-1.248,-0.204,Cycling
0.004,-0.74,-0.256,Cycling
0.072,-0.444,-0.216,Cycling
-0.024,-1.012,-0.124,Cycling
0.068,-1.172,-0.296,Cycling
0.048,-1.24,-0.16,Cycling
-0.004,-1.004,-0.204,Cycling
0.044,-0.74,-0.26,Cycling
-0.216,-0.888,-0.172,Cycling
0.072,-1.436,-0.356,Cycling
-0.12,-0.644,-0.256,Cycling
-0.136,-1.028,-0.084,Cycling
-0.108,-0.812,-0.284,Cycling
0.076,-0.972,-0.32,Cycling
-0.104,-0.944,-0.204,Cycling
0.028,-0.564,-0.328,Cycling
0.128,-1.064,-0.316,Cycling
0.02,-1.22,-0.204,Cycling
0.02,-0.848,-0.272,Cycling
-0.128,-0.992,-0.164,Cycling
-0.044,-1.004,-0.152,Cycling
-0.056,-1.008,-0.3,Cycling
-0.116,-1.292,-0.124,Cycling
-0.108,-1.136,-0.22,Cycling
-0.148,-1.244,-0.308,Cycling
-0.212,-1.08,-0.112,Cycling
-0.124,-0.748,-0.212,Cycling
0.288,-1.12,-0.344,Cycling
-0.048,-1.184,-0.352,Cycling
-0.024,-0.924,-0.256,Cycling
0.096,-1.176,-0.26,Cycling
0.012,-1.512,-0.264,Cycling
-0.02,-1.092,-0.216,Cycling
-0.296,-1.068,-0.112,Cycling
-0.088,-0.98,-0.22,Cycling
-0.188,-1.132,-0.224,Cycling
-0.176,-1.24,-0.172,Cycling
-0.22,-0.804,-0.332,Cycling
0.04,-1.472,-0.196,Cycling
0.004,-0.868,-0.232,Cycling
-0.092,-0.964,-0.364,Cycling
-0.272,-1.18,-0.116,Cycling
-0.112,-1.384,-0.244,Cycling
0.016,-1.584,-0.224,Cycling
-0.08,-1.056,-0.172,Cycling
-0.528,-1.46,-0.248,Cycling
0.164,-0.924,-0.236,Cycling
-0.032,-0.832,-0.236,Cycling
-0.212,-1,-0.228,Cycling
-0.216,-0.812,-0.24,Cycling
-0.18,-1.444,-0.236,Cycling
0.064,-1.104,-0.308,Cycling
-0.108,-1.416,-0.164,Cycling
-0.156,-0.78,-0.268,Cycling
0.1,-0.836,-0.24,Cycling
-0.148,-0.676,-0.16,Cycling
-0.284,-0.912,-0.32,Cycling
0.012,-0.912,-0.336,Cycling
0.016,-0.908,-0.18,Cycling
-0.116,-0.916,-0.26,Cycling
-0.188,-1.332,-0.084,Cycling
0.08,-1.092,-0.172,Cycling
0.096,-1.052,-0.28,Cycling
-0.472,-1.24,-0.16,Cycling
-0.132,-1.536,-0.276,Cycling
-0.12,-0.676,-0.228,Cycling
0.044,-1.212,-0.22,Cycling
-0.176,-1.052,-0.188,Cycling
0.016,-1.728,-0.12,Cycling
-0.196,-1.236,-0.264,Cycling
-0.056,-1.352,-0.264,Cycling
0.06,-1.04,-0.244,Cycling
-0.152,-1.968,-0.176,Cycling
-0.136,-1.096,-0.276,Cycling
0,-0.96,-0.34,Cycling
-0.148,-1.184,-0.12,Cycling
-0.136,-1.292,-0.364,Cycling
0.012,-1.128,-0.292,Cycling
-0.208,-1.14,-0.144,Cycling
-0.108,-0.988,-0.264,Cycling
0.176,-1.16,-0.332,Cycling
-0.184,-1.104,-0.272,Cycling
-0.192,-1.292,-0.236,Cycling
0.004,-0.86,-0.256,Cycling
-0.108,-0.78,-0.104,Cycling
-0.104,-0.632,-0.272,Cycling
0.004,-1.32,-0.32,Cycling
-0.108,-1.424,-0.252,Cycling
-0.008,-1.264,-0.292,Cycling
-0.1,-1.244,-0.244,Cycling
-0.008,-0.872,-0.2,Cycling
-0.048,-1.216,-0.2,Cycling
-0.136,-0.928,-0.192,Cycling
0.032,-0.968,-0.216,Cycling
-0.108,-1.304,-0.204,Cycling
-0.144,-1.212,-0.22,Cycling
-0.164,-1.168,-0.212,Cycling
-0.14,-1.46,-0.184,Cycling
-0.072,-1.088,-0.088,Cycling
-0.088,-0.752,-0.072,Cycling
-0.208,-1.08,-0.156,Cycling
-0.084,-1.024,-0.092,Cycling
0.044,-0.72,-0.248,Cycling
0.184,-0.92,-0.316,Cycling
-0.028,-0.916,-0.184,Cycling
0.104,-0.888,-0.284,Cycling
-0.132,-0.572,-0.256,Cycling
0.012,-0.904,-0.268,Cycling
-0.168,-1.004,-0.132,Cycling
-0.064,-0.984,-0.252,Cycling
-0.06,-1.008,-0.296,Cycling
0.02,-1.708,-0.028,Cycling
0.028,-0.972,-0.276,Cycling
0.04,-0.86,-0.348,Cycling
-0.028,-1.2,-0.108,Cycling
-0.12,-1.244,-0.2,Cycling
-0.092,-1.128,-0.292,Cycling
-0.092,-0.952,-0.104,Cycling
-0.108,-0.784,-0.192,Cycling
-0.052,-0.956,-0.236,Cycling
-0.096,-1.128,-0.168,Cycling
-0.116,-1.024,-0.148,Cycling
-0.052,-1.144,-0.28,Cycling
-0.064,-1.16,-0.212,Cycling
0.02,-1.148,-0.112,Cycling
-0.188,-1.184,-0.304,Cycling
-0.092,-1.148,-0.272,Cycling
-0.06,-0.86,-0.14,Cycling
-0.14,-0.9,-0.156,Cycling
-0.168,-1.484,-0.288,Cycling
-0.26,-0.956,-0.196,Cycling
0.26,-0.724,-0.244,Cycling
0.524,-1.484,-0.412,Cycling
0.144,-1.048,-0.372,Cycling
0.032,-0.784,-0.296,Cycling
0.18,-1.268,-0.372,Cycling
0.292,-1.132,-0.212,Cycling
0.268,-0.292,0.02,Cycling
-0.184,-1.28,-0.108,Cycling
-0.128,-0.972,0.036,Cycling
-0.008,-0.664,-0.036,Cycling
-0.204,-0.64,0.02,Cycling
-0.124,-0.472,-0.116,Cycling
-0.064,-0.792,0.068,Cycling
-0.1,-0.596,-0.2,Cycling
-0.008,-0.952,0.084,Cycling
-0.016,-0.772,-0.248,Cycling
0.284,-1.12,-0.008,Cycling
0.068,-0.772,-0.272,Cycling
0.096,-1.156,0.028,Cycling
0.296,-1.02,-0.288,Cycling
0.236,-1.072,0.02,Cycling
0.408,-1.16,-0.4,Cycling
0.076,-0.98,0.052,Cycling
